DISTRICT,EN,YEAR
ALBERT PARK,2955,1892
ANGLESEY,3140,1892
ARARAT,1853,1892
BALLARAT EAST,3696,1892
BALLARAT WEST,6105,1892
BARWON,2233,1892
BENALLA AND YARRAWONGA,2629,1892
BENAMBRA,2024,1892
BOGONG,1827,1892
BORUNG,2776,1892
BOURKE EAST,3316,1892
BOURKE WEST,2244,1892
BRIGHTON,4120,1892
CARLTON,3842,1892
CARLTON SOUTH,2906,1892
CASTLEMAINE,3307,1892
CLUNES AND ALLANDALE,2285,1892
COLLINGWOOD,7018,1892
CRESWICK,1878,1892
DANDENONG AND BERWICK,4357,1892
DAYLESFORD,1892,1892
DELATITE,2711,1892
SWAN HILL,3748,1892
DUNDAS,2332,1892
DUNOLLY,2404,1892
EAGLEHAWK,2127,1892
EAST BOURKE BOROUGHS,11083,1892
EASTERN SUBURBS,5588,1892
EMERALD HILL,3771,1892
ESSENDON AND FLEMINGTON,6266,1892
EVELYN,3128,1892
FITZROY,6503,1892
FOOTSCRAY,5161,1892
GEELONG,5565,1892
GIPPSLAND CENTRAL,2637,1892
GIPPSLAND EAST,2895,1892
GIPPSLAND NORTH,2351,1892
GIPPSLAND SOUTH,3394,1892
GIPPSLAND WEST,4225,1892
GRANT,2259,1892
GRENVILLE,3521,1892
GUNBOWER,2553,1892
HAWTHORN,4593,1892
HORSHAM,2336,1892
WEST RICHMOND,2905,1892
KARA KARA,2212,1892
"KILMORE, DALHOUSIE AND LANCEFIELD",2384,1892
KORONG,2240,1892
KYNETON,2207,1892
LOWAN,2831,1892
MALDON,1659,1892
MANDURANG,2193,1892
MARYBOROUGH,2541,1892
MELBOURNE,4192,1892
MELBOURNE EAST,5965,1892
MELBOURNE NORTH,3914,1892
MELBOURNE SOUTH,3627,1892
MELBOURNE WEST,3150,1892
MORNINGTON,3927,1892
NORMANBY,2389,1892
NUMURKAH AND NATHALIA,2284,1892
OVENS,1820,1892
POLWARTH,3144,1892
PORT FAIRY,1866,1892
PORT MELBOURNE,3261,1892
PORTLAND,1914,1892
PRAHRAN,3614,1892
RICHMOND,7846,1892
RIPON AND HAMPDEN,2385,1892
RODNEY,4864,1892
ST KILDA,4065,1892
SANDHURST,5214,1892
SANDHURST SOUTH,2057,1892
SHEPPARTON AND EUROA,2254,1892
SOUTH YARRA,3329,1892
STAWELL,2294,1892
TALBOT AND AVOCA,2042,1892
TOORAK,4424,1892
VILLIERS AND HEYTESBURY,2193,1892
WANGARATTA AND RUTHERGLE,2560,1892
WARRENHEIP,1855,1892
WARRNAMBOOL,1957,1892
WILLIAMSTOWN,4196,1892
WINDERMERE,1580,1892
ALBERT PARK,2312,1894
ANGLESEY,3269,1894
ARARAT,1527,1894
BALLARAT EAST,3106,1894
BALLARAT WEST,5433,1894
BARWON,1954,1894
BENALLA AND YARRAWONGA,2998,1894
BENAMBRA,1858,1894
BOGONG,1547,1894
BORUNG,2532,1894
BOURKE EAST,2535,1894
BOURKE WEST,1974,1894
BRIGHTON,3525,1894
CARLTON,2871,1894
CARLTON SOUTH,1989,1894
CASTLEMAINE,2869,1894
CLUNES AND ALLANDALE,1809,1894
COLLINGWOOD,4868,1894
CRESWICK,1669,1894
DANDENONG AND BERWICK,3977,1894
DAYLESFORD,1774,1894
DELATITE,2465,1894
SWAN HILL,4575,1894
DUNDAS,2245,1894
DUNOLLY,1917,1894
EAGLEHAWK,1970,1894
EAST BOURKE BOROUGHS,7644,1894
EASTERN SUBURBS,4944,1894
EMERALD HILL,2331,1894
ESSENDON AND FLEMINGTON,4630,1894
EVELYN,2710,1894
FITZROY,3955,1894
FOOTSCRAY,3980,1894
GEELONG,5026,1894
GIPPSLAND CENTRAL,2761,1894
GIPPSLAND EAST,2273,1894
GIPPSLAND NORTH,1856,1894
GIPPSLAND SOUTH,2994,1894
GIPPSLAND WEST,3994,1894
GRANT,2549,1894
GRENVILLE,3049,1894
GUNBOWER,2506,1894
HAWTHORN,3596,1894
HORSHAM,2012,1894
WEST RICHMOND,2177,1894
KARA KARA,2020,1894
"KILMORE, DALHOUSIE AND LANCEFIELD",1976,1894
KORONG,1945,1894
KYNETON,1759,1894
LOWAN,2628,1894
MALDON,1580,1894
MANDURANG,1875,1894
MARYBOROUGH,2091,1894
MELBOURNE,3096,1894
MELBOURNE EAST,4068,1894
MELBOURNE NORTH,2966,1894
MELBOURNE SOUTH,2405,1894
MELBOURNE WEST,2259,1894
MORNINGTON,3879,1894
NORMANBY,2064,1894
NUMURKAH AND NATHALIA,2118,1894
OVENS,1561,1894
POLWARTH,2492,1894
PORT FAIRY,1793,1894
PORT MELBOURNE,2477,1894
PORTLAND,1899,1894
PRAHRAN,2823,1894
RICHMOND,5883,1894
RIPON AND HAMPDEN,2203,1894
RODNEY,4779,1894
ST KILDA,3087,1894
SANDHURST,5150,1894
SANDHURST SOUTH,1963,1894
SHEPPARTON AND EUROA,2027,1894
SOUTH YARRA,2453,1894
STAWELL,2217,1894
TALBOT AND AVOCA,1862,1894
TOORAK,3932,1894
VILLIERS AND HEYTESBURY,2229,1894
WANGARATTA AND RUTHERGLE,2407,1894
WARRENHEIP,1676,1894
WARRNAMBOOL,1747,1894
WILLIAMSTOWN,3172,1894
WINDERMERE,1580,1894
ALBERT PARK,2784,1897
ANGLESEY,3531,1897
ARARAT,1770,1897
BALLARAT EAST,3333,1897
BALLARAT WEST,5660,1897
BARWON,2401,1897
BENALLA AND YARRAWONGA,2729,1897
BENAMBRA,2060,1897
BOGONG,1933,1897
BORUNG,2497,1897
BOURKE EAST,2537,1897
BOURKE WEST,1902,1897
BRIGHTON,3441,1897
CARLTON,3626,1897
CARLTON SOUTH,2310,1897
CASTLEMAINE,3385,1897
CLUNES AND ALLANDALE,1743,1897
COLLINGWOOD,5059,1897
CRESWICK,1941,1897
DANDENONG AND BERWICK,3572,1897
DAYLESFORD,1814,1897
DELATITE,2528,1897
SWAN HILL,6000,1897
DUNDAS,2265,1897
DUNOLLY,2048,1897
EAGLEHAWK,2020,1897
EAST BOURKE BOROUGHS,8871,1897
EASTERN SUBURBS,4904,1897
EMERALD HILL,2521,1897
ESSENDON AND FLEMINGTON,5108,1897
EVELYN,3410,1897
FITZROY,6091,1897
FOOTSCRAY,3776,1897
GEELONG,5391,1897
GIPPSLAND CENTRAL,2907,1897
GIPPSLAND EAST,3028,1897
GIPPSLAND NORTH,1985,1897
GIPPSLAND SOUTH,2644,1897
GIPPSLAND WEST,4205,1897
GRANT,2347,1897
GRENVILLE,3727,1897
GUNBOWER,2736,1897
HAWTHORN,4119,1897
HORSHAM,1906,1897
WEST RICHMOND,2452,1897
KARA KARA,2309,1897
"KILMORE, DALHOUSIE AND LANCEFIELD",2127,1897
KORONG,2244,1897
KYNETON,2154,1897
LOWAN,2429,1897
MALDON,1781,1897
MANDURANG,2025,1897
MARYBOROUGH,2306,1897
MELBOURNE,3996,1897
MELBOURNE EAST,4322,1897
MELBOURNE NORTH,2938,1897
MELBOURNE SOUTH,2469,1897
MELBOURNE WEST,2324,1897
MORNINGTON,4395,1897
NORMANBY,1873,1897
NUMURKAH AND NATHALIA,2092,1897
OVENS,1954,1897
POLWARTH,3128,1897
PORT FAIRY,1936,1897
PORT MELBOURNE,2538,1897
PORTLAND,1743,1897
PRAHRAN,2851,1897
RICHMOND,5372,1897
RIPON AND HAMPDEN,2656,1897
RODNEY,4881,1897
ST KILDA,3383,1897
SANDHURST,5099,1897
SANDHURST SOUTH,2218,1897
SHEPPARTON AND EUROA,2162,1897
SOUTH YARRA,2491,1897
STAWELL,2216,1897
TALBOT AND AVOCA,1882,1897
TOORAK,4000,1897
VILLIERS AND HEYTESBURY,2384,1897
WANGARATTA AND RUTHERGLE,3559,1897
WARRENHEIP,1803,1897
WARRNAMBOOL,1912,1897
WILLIAMSTOWN,3231,1897
WINDERMERE,1500,1897
ALBERT PARK,3335,1900
ANGLESEY,3910,1900
ARARAT,2238,1900
BALLARAT EAST,3447,1900
BALLARAT WEST,6015,1900
BARWON,2320,1900
BENALLA AND YARRAWONGA,2992,1900
BENAMBRA,2403,1900
BOGONG,2124,1900
BORUNG,2883,1900
BOURKE EAST,2899,1900
BOURKE WEST,2107,1900
BRIGHTON,3897,1900
CARLTON,3847,1900
CARLTON SOUTH,2844,1900
CASTLEMAINE,4056,1900
CLUNES AND ALLANDALE,1744,1900
COLLINGWOOD,5541,1900
CRESWICK,1812,1900
DANDENONG AND BERWICK,4179,1900
DAYLESFORD,2035,1900
DELATITE,2592,1900
SWAN HILL,6175,1900
DUNDAS,2363,1900
DUNOLLY,2041,1900
EAGLEHAWK,2018,1900
EAST BOURKE BOROUGHS,10159,1900
EASTERN SUBURBS,5199,1900
EMERALD HILL,2894,1900
ESSENDON AND FLEMINGTON,5982,1900
EVELYN,3788,1900
FITZROY,6572,1900
FOOTSCRAY,4304,1900
GEELONG,6227,1900
GIPPSLAND CENTRAL,3284,1900
GIPPSLAND EAST,3251,1900
GIPPSLAND NORTH,2254,1900
GIPPSLAND SOUTH,3020,1900
GIPPSLAND WEST,4574,1900
GRANT,2424,1900
GRENVILLE,4291,1900
GUNBOWER,2428,1900
HAWTHORN,4689,1900
HORSHAM,2056,1900
WEST RICHMOND,2482,1900
KARA KARA,2117,1900
"KILMORE, DALHOUSIE AND LANCEFIELD",2176,1900
KORONG,2328,1900
KYNETON,2479,1900
LOWAN,2539,1900
MALDON,2004,1900
MANDURANG,2218,1900
MARYBOROUGH,2225,1900
MELBOURNE,4867,1900
MELBOURNE EAST,4825,1900
MELBOURNE NORTH,3773,1900
MELBOURNE SOUTH,2742,1900
MELBOURNE WEST,2955,1900
MORNINGTON,4458,1900
NORMANBY,1985,1900
NUMURKAH AND NATHALIA,2231,1900
OVENS,2215,1900
POLWARTH,3351,1900
PORT FAIRY,2081,1900
PORT MELBOURNE,2676,1900
PORTLAND,2081,1900
PRAHRAN,3491,1900
RICHMOND,6021,1900
RIPON AND HAMPDEN,2912,1900
RODNEY,5649,1900
ST KILDA,3959,1900
SANDHURST,5979,1900
SANDHURST SOUTH,2344,1900
SHEPPARTON AND EUROA,2403,1900
SOUTH YARRA,2959,1900
STAWELL,2224,1900
TALBOT AND AVOCA,2403,1900
TOORAK,4895,1900
VILLIERS AND HEYTESBURY,2719,1900
WANGARATTA AND RUTHERGLE,3585,1900
WARRENHEIP,2200,1900
WARRNAMBOOL,2634,1900
WILLIAMSTOWN,3238,1900
WINDERMERE,1746,1900
YARRAWONGA,2969,1900
ALBERT PARK,3129,1902
ANGLESEY,3693,1902
ARARAT,2395,1902
BALLARAT EAST,3417,1902
BALLARAT WEST,6430,1902
BARWON,2383,1902
BENALLA AND YARRAWONGA,3387,1902
BENAMBRA,2403,1902
BOGONG,2438,1902
BORUNG,3043,1902
BOURKE EAST,2899,1902
BOURKE WEST,2169,1902
BRIGHTON,3766,1902
CARLTON,3909,1902
CARLTON SOUTH,2671,1902
CASTLEMAINE,3870,1902
CLUNES AND ALLANDALE,1654,1902
COLLINGWOOD,5469,1902
CRESWICK,1857,1902
DANDENONG AND BERWICK,4475,1902
DAYLESFORD,1883,1902
DELATITE,2670,1902
SWAN HILL,6140,1902
DUNDAS,2619,1902
DUNOLLY,2083,1902
EAGLEHAWK,2416,1902
EAST BOURKE BOROUGHS,10624,1902
EASTERN SUBURBS,5451,1902
EMERALD HILL,2821,1902
ESSENDON AND FLEMINGTON,6914,1902
EVELYN,4044,1902
FITZROY,7351,1902
FOOTSCRAY,4843,1902
GEELONG,6488,1902
GIPPSLAND CENTRAL,3194,1902
GIPPSLAND EAST,3000,1902
GIPPSLAND NORTH,2281,1902
GIPPSLAND SOUTH,3616,1902
GIPPSLAND WEST,5050,1902
GRANT,2447,1902
GRENVILLE,4563,1902
GUNBOWER,2628,1902
HAWTHORN,4272,1902
HORSHAM,1944,1902
WEST RICHMOND,2603,1902
KARA KARA,2115,1902
"KILMORE, DALHOUSIE AND LANCEFIELD",2374,1902
KORONG,2222,1902
KYNETON,2736,1902
LOWAN,2357,1902
MALDON,2006,1902
MANDURANG,2190,1902
MARYBOROUGH,2610,1902
MELBOURNE,4565,1902
MELBOURNE EAST,5395,1902
MELBOURNE NORTH,3525,1902
MELBOURNE SOUTH,2709,1902
MELBOURNE WEST,2441,1902
MORNINGTON,4667,1902
NORMANBY,2112,1902
NUMURKAH AND NATHALIA,2234,1902
OVENS,2290,1902
POLWARTH,3458,1902
PORT FAIRY,2153,1902
PORT MELBOURNE,2732,1902
PORTLAND,2151,1902
PRAHRAN,3163,1902
RICHMOND,6869,1902
RIPON AND HAMPDEN,3288,1902
RODNEY,6220,1902
ST KILDA,4426,1902
SANDHURST,6660,1902
SANDHURST SOUTH,2471,1902
SHEPPARTON AND EUROA,2449,1902
SOUTH YARRA,2989,1902
STAWELL,2357,1902
TALBOT AND AVOCA,1935,1902
TOORAK,4753,1902
VILLIERS AND HEYTESBURY,2708,1902
WANGARATTA AND RUTHERGLE,3982,1902
WARRENHEIP,2182,1902
WARRNAMBOOL,2311,1902
WILLIAMSTOWN,3411,1902
WINDERMERE,1696,1902
ABBOTSFORD,4458,1904
ALBERT PARK,5056,1904
ALLANDALE,3815,1904
BALLARAT EAST,4672,1904
BALLARAT WEST,4450,1904
BARWON,3788,1904
BENALLA,3788,1904
BENAMBRA,2786,1904
BENDIGO EAST,3809,1904
BENDIGO WEST,4459,1904
BOROONDARA,5016,1904
BORUNG,3207,1904
BRIGHTON,3581,1904
BRUNSWICK,4787,1904
BULLA,3894,1904
CARLTON,4775,1904
CASTLEMAINE AND MALDON,3904,1904
COLLINGWOOD,5469,1904
DALHOUSIE,3986,1904
DANDENONG,4146,1904
DAYLESFORD,3333,1904
DUNDAS,3043,1904
EAGLEHAWK,3892,1904
EAST MELBOURNE,4545,1904
ESSENDON,5193,1904
EVELYN,3213,1904
FITZROY,4642,1904
FLEMINGTON,4736,1904
GEELONG,4728,1904
GIPPSLAND EAST,3045,1904
GIPPSLAND NORTH,2995,1904
GIPPSLAND SOUTH,4139,1904
GIPPSLAND WEST,3375,1904
GLENELG,3367,1904
GOULBURN VALLEY,3319,1904
GRENVILLE,3940,1904
GUNBOWER,3131,1904
HAMPDEN,4244,1904
HAWTHORN,5736,1904
JIKA JIKA,4644,1904
KARA KARA,3529,1904
KORONG,2787,1904
LOWAN,3029,1904
MARYBOROUGH,4401,1904
MELBOURNE,5820,1904
MORNINGTON,4231,1904
NORTH MELBOURNE,5247,1904
OVENS,3351,1904
POLWARTH,3589,1904
PORT FAIRY,3782,1904
PORT MELBOURNE,5344,1904
PRAHRAN,4980,1904
RICHMOND,5282,1904
RODNEY,3906,1904
ST KILDA,5024,1904
STAWELL AND ARARAT,3674,1904
SWAN HILL,3294,1904
TOORAK,4900,1904
UPPER GOULBURN,3825,1904
WALHALLA,2817,1904
WANGARATTA,5820,1904
WARANGA,3381,1904
WARRENHEIP,3600,1904
WARRNAMBOOL,2538,1904
WILLIAMSTOWN,5723,1904
PUBLIC OFFICERS,3928,1904
OFFICERS,6336,1904
ABBOTSFORD,4303,1907
ALBERT PARK,5045,1907
ALLANDALE,3153,1907
BALLARAT EAST,4278,1907
BALLARAT WEST,4041,1907
BARWON,3891,1907
BENALLA,3563,1907
BENAMBRA,2672,1907
BENDIGO EAST,3841,1907
BENDIGO WEST,4382,1907
BOROONDARA,5016,1907
BORUNG,3127,1907
BRIGHTON,4121,1907
BRUNSWICK,5330,1907
BULLA,3764,1907
CARLTON,4439,1907
CASTLEMAINE AND MALDON,3388,1907
COLLINGWOOD,4499,1907
DALHOUSIE,3986,1907
DANDENONG,4263,1907
DAYLESFORD,3156,1907
DUNDAS,3098,1907
EAGLEHAWK,3582,1907
EAST MELBOURNE,4346,1907
ESSENDON,5810,1907
EVELYN,3641,1907
FITZROY,4269,1907
FLEMINGTON,5384,1907
GEELONG,4414,1907
GIPPSLAND EAST,3101,1907
GIPPSLAND NORTH,3060,1907
GIPPSLAND SOUTH,3875,1907
GIPPSLAND WEST,3303,1907
GLENELG,3600,1907
GOULBURN VALLEY,3257,1907
GRENVILLE,3693,1907
GUNBOWER,3067,1907
HAMPDEN,4064,1907
HAWTHORN,5833,1907
JIKA JIKA,5660,1907
KARA KARA,3229,1907
KORONG,2736,1907
LOWAN,3102,1907
MARYBOROUGH,3828,1907
MELBOURNE,5918,1907
MORNINGTON,4275,1907
NORTH MELBOURNE,5364,1907
OVENS,3035,1907
POLWARTH,3774,1907
PORT FAIRY,3580,1907
PORT MELBOURNE,5483,1907
PRAHRAN,4903,1907
RICHMOND,5091,1907
RODNEY,3542,1907
ST KILDA,4840,1907
STAWELL AND ARARAT,3260,1907
SWAN HILL,3114,1907
TOORAK,4751,1907
UPPER GOULBURN,3661,1907
WALHALLA,2830,1907
WANGARATTA,3735,1907
WARANGA,2953,1907
WARRENHEIP,3073,1907
WARRNAMBOOL,3278,1907
WILLIAMSTOWN,5723,1907
Liberals ABBOTSFORD,4462,1908
ALBERT PARK,5171,1908
ALLANDALE,3145,1908
BALLARAT EAST,4153,1908
BALLARAT WEST,3986,1908
BARWON,3997,1908
BENALLA,3555,1908
BENAMBRA,2793,1908
BENDIGO EAST,4031,1908
BENDIGO WEST,4321,1908
BOROONDARA,5333,1908
BORUNG,2948,1908
BRIGHTON,4121,1908
BRUNSWICK,5460,1908
BULLA,3936,1908
CARLTON,4222,1908
CASTLEMAINE AND MALDON,3417,1908
COLLINGWOOD,4499,1908
DALHOUSIE,3600,1908
DANDENONG,4365,1908
DAYLESFORD,3235,1908
DUNDAS,3234,1908
EAGLEHAWK,3729,1908
EAST MELBOURNE,4266,1908
ESSENDON,6200,1908
EVELYN,3717,1908
FITZROY,4057,1908
FLEMINGTON,5444,1908
GEELONG,4486,1908
GIPPSLAND EAST,3172,1908
GIPPSLAND NORTH,3157,1908
GIPPSLAND SOUTH,3898,1908
GIPPSLAND WEST,3262,1908
GLENELG,3633,1908
GOULBURN VALLEY,3257,1908
GRENVILLE,3582,1908
GUNBOWER,3104,1908
HAMPDEN,4025,1908
HAWTHORN,5999,1908
JIKA JIKA,6039,1908
KARA KARA,3288,1908
KORONG,2710,1908
LOWAN,3021,1908
MARYBOROUGH,3940,1908
MELBOURNE,5636,1908
MORNINGTON,4185,1908
NORTH MELBOURNE,5362,1908
OVENS,2949,1908
POLWARTH,3815,1908
PORT FAIRY,3644,1908
PORT MELBOURNE,5405,1908
PRAHRAN,4969,1908
RICHMOND,5230,1908
RODNEY,3542,1908
ST KILDA,5010,1908
STAWELL AND ARARAT,3330,1908
SWAN HILL,3246,1908
TOORAK,4910,1908
UPPER GOULBURN,3763,1908
WALHALLA,2897,1908
WANGARATTA,3849,1908
WARANGA,2929,1908
WARRENHEIP,2891,1908
WARRNAMBOOL,3217,1908
WILLIAMSTOWN,6148,1908
ABBOTSFORD,12580,1911
ALBERT PARK,18029,1911
ALLANDALE,6709,1911
BALLARAT EAST,10272,1911
BALLARAT WEST,10184,1911
BARWON,10373,1911
BENALLA,7694,1911
BENAMBRA,6610,1911
BENDIGO EAST,9434,1911
BENDIGO WEST,10292,1911
BOROONDARA,19421,1911
BORUNG,7426,1911
BRIGHTON,13457,1911
BRUNSWICK,17371,1911
BULLA,9514,1911
CARLTON,12285,1911
CASTLEMAINE AND MALDON,7165,1911
COLLINGWOOD,13378,1911
DALHOUSIE,7642,1911
DANDENONG,11228,1911
DAYLESFORD,7405,1911
DUNDAS,7824,1911
EAGLEHAWK,8131,1911
EAST MELBOURNE,11026,1911
ESSENDON,18494,1911
EVELYN,8692,1911
FITZROY,13705,1911
FLEMINGTON,16130,1911
GEELONG,11515,1911
GIPPSLAND EAST,6346,1911
GIPPSLAND NORTH,8247,1911
GIPPSLAND SOUTH,8991,1911
GIPPSLAND WEST,8146,1911
GLENELG,8454,1911
GOULBURN VALLEY,8507,1911
GRENVILLE,6908,1911
GUNBOWER,7845,1911
HAMPDEN,11008,1911
HAWTHORN,20610,1911
JIKA JIKA,18353,1911
KARA KARA,7447,1911
KORONG,6685,1911
LOWAN,9059,1911
MARYBOROUGH,7945,1911
MELBOURNE,7726,1911
MORNINGTON,12908,1911
NORTH MELBOURNE,15008,1911
OVENS,6955,1911
POLWARTH,10567,1911
PORT FAIRY,7624,1911
PORT MELBOURNE,15395,1911
PRAHRAN,17843,1911
RICHMOND,14482,1911
RODNEY,8877,1911
ST KILDA,19340,1911
STAWELL AND ARARAT,8096,1911
SWAN HILL,9978,1911
TOORAK,18576,1911
UPPER GOULBURN,7786,1911
WALHALLA,5951,1911
WANGARATTA,8088,1911
WARANGA,7176,1911
WARRENHEIP,5793,1911
WARRNAMBOOL,8668,1911
WILLIAMSTOWN,16077,1911
ABBOTSFORD,16269,1914
ALBERT PARK,20246,1914
ALLANDALE,6321,1914
BALLARAT EAST,10994,1914
BALLARAT WEST,10706,1914
BARWON,11324,1914
BENALLA,8094,1914
BENAMBRA,7190,1914
BENDIGO EAST,9439,1914
BENDIGO WEST,10477,1914
BOROONDARA,29974,1914
BORUNG,7765,1914
BRIGHTON,18074,1914
BRUNSWICK,21710,1914
BULLA,10852,1914
CARLTON,14463,1914
CASTLEMAINE AND MALDON,7363,1914
COLLINGWOOD,14561,1914
DALHOUSIE,7443,1914
DANDENONG,13903,1914
DAYLESFORD,7213,1914
DUNDAS,8801,1914
EAGLEHAWK,8029,1914
EAST MELBOURNE,13323,1914
ESSENDON,25295,1914
EVELYN,10401,1914
FITZROY,15059,1914
FLEMINGTON,20194,1914
GEELONG,14058,1914
GIPPSLAND EAST,6710,1914
GIPPSLAND NORTH,9404,1914
GIPPSLAND SOUTH,9978,1914
GIPPSLAND WEST,8583,1914
GLENELG,9307,1914
GOULBURN VALLEY,9213,1914
GRENVILLE,6287,1914
GUNBOWER,8628,1914
HAMPDEN,12266,1914
HAWTHORN,24076,1914
JIKA JIKA,25462,1914
KARA KARA,7458,1914
KORONG,7202,1914
LOWAN,9335,1914
MARYBOROUGH,7912,1914
MELBOURNE,10104,1914
MORNINGTON,13697,1914
NORTH MELBOURNE,17469,1914
OVENS,6752,1914
POLWARTH,11109,1914
PORT FAIRY,7875,1914
PORT MELBOURNE,16993,1914
PRAHRAN,20275,1914
RICHMOND,17442,1914
RODNEY,10656,1914
ST KILDA,25295,1914
STAWELL AND ARARAT,9131,1914
SWAN HILL,13400,1914
TOORAK,22159,1914
UPPER GOULBURN,8233,1914
WALHALLA,6644,1914
WANGARATTA,8518,1914
WARANGA,7058,1914
WARRENHEIP,6203,1914
WARRNAMBOOL,9315,1914
WILLIAMSTOWN,20336,1914
ABBOTSFORD,15233,1917
ALBERT PARK,20885,1917
ALLANDALE,5723,1917
BALLARAT EAST,10009,1917
BALLARAT WEST,10139,1917
BARWON,11693,1917
BENALLA,7928,1917
BENAMBRA,6711,1917
BENDIGO EAST,8763,1917
BENDIGO WEST,9450,1917
BOROONDARA,39287,1917
BORUNG,7446,1917
BRIGHTON,21689,1917
BRUNSWICK,23683,1917
BULLA,11062,1917
CARLTON,13313,1917
CASTLEMAINE AND MALDON,6830,1917
COLLINGWOOD,14643,1917
DALHOUSIE,7186,1917
DANDENONG,15771,1917
DAYLESFORD,6735,1917
DUNDAS,8391,1917
EAGLEHAWK,7155,1917
EAST MELBOURNE,11772,1917
ESSENDON,25178,1917
EVELYN,10712,1917
FITZROY,14122,1917
FLEMINGTON,22134,1917
GEELONG,14243,1917
GIPPSLAND EAST,6379,1917
GIPPSLAND NORTH,8888,1917
GIPPSLAND SOUTH,10069,1917
GIPPSLAND WEST,8842,1917
GLENELG,9145,1917
GOULBURN VALLEY,8700,1917
GRENVILLE,5457,1917
GUNBOWER,8354,1917
HAMPDEN,11568,1917
HAWTHORN,26177,1917
JIKA JIKA,30242,1917
KARA KARA,6800,1917
KORONG,7091,1917
LOWAN,9574,1917
MARYBOROUGH,7179,1917
MELBOURNE,8918,1917
MORNINGTON,14845,1917
NORTH MELBOURNE,17041,1917
OVENS,5988,1917
POLWARTH,10938,1917
PORT FAIRY,7802,1917
PORT MELBOURNE,16369,1917
PRAHRAN,20274,1917
RICHMOND,16990,1917
RODNEY,10351,1917
ST KILDA,29945,1917
STAWELL AND ARARAT,9055,1917
SWAN HILL,13950,1917
TOORAK,23718,1917
UPPER GOULBURN,8236,1917
WALHALLA,6343,1917
WANGARATTA,7719,1917
WARANGA,7060,1917
WARRENHEIP,6059,1917
WARRNAMBOOL,9077,1917
WILLIAMSTOWN,22201,1917
ABBOTSFORD,15408,1920
ALBERT PARK,21551,1920
ALLANDALE,5422,1920
BALLARAT EAST,10034,1920
BALLARAT WEST,10477,1920
BARWON,11814,1920
BENALLA,7851,1920
BENAMBRA,6612,1920
BENDIGO EAST,8337,1920
BENDIGO WEST,9164,1920
BOROONDARA,48523,1920
BORUNG,7707,1920
BRIGHTON,25969,1920
BRUNSWICK,25420,1920
BULLA,11360,1920
CARLTON,13443,1920
CASTLEMAINE AND MALDON,6604,1920
COLLINGWOOD,15389,1920
DALHOUSIE,7051,1920
DANDENONG,17564,1920
DAYLESFORD,6371,1920
DUNDAS,8250,1920
EAGLEHAWK,6556,1920
EAST MELBOURNE,12025,1920
ESSENDON,31344,1920
EVELYN,11952,1920
FITZROY,14767,1920
FLEMINGTON,22874,1920
GEELONG,14535,1920
GIPPSLAND EAST,6135,1920
GIPPSLAND NORTH,9140,1920
GIPPSLAND SOUTH,9695,1920
GIPPSLAND WEST,9571,1920
GLENELG,9031,1920
GOULBURN VALLEY,8666,1920
GRENVILLE,4930,1920
GUNBOWER,8978,1920
HAMPDEN,11358,1920
HAWTHORN,28940,1920
JIKA JIKA,34555,1920
KARA KARA,6348,1920
KORONG,6844,1920
LOWAN,9571,1920
MARYBOROUGH,6905,1920
MELBOURNE,8852,1920
MORNINGTON,15798,1920
NORTH MELBOURNE,17552,1920
OVENS,5295,1920
POLWARTH,10983,1920
PORT FAIRY,8028,1920
PORT MELBOURNE,16029,1920
PRAHRAN,20678,1920
RICHMOND,17383,1920
RODNEY,11330,1920
ST KILDA,34135,1920
STAWELL AND ARARAT,8043,1920
SWAN HILL,17619,1920
TOORAK,24725,1920
UPPER GOULBURN,8167,1920
WALHALLA,6413,1920
WANGARATTA,7469,1920
WARANGA,7060,1920
WARRENHEIP,5620,1920
WARRNAMBOOL,9347,1920
WILLIAMSTOWN,23281,1920
ABBOTSFORD,14506,1921
ALBERT PARK,20789,1921
ALLANDALE,5474,1921
BALLARAT EAST,9697,1921
BALLARAT WEST,10232,1921
BARWON,12042,1921
BENALLA,7927,1921
BENAMBRA,6621,1921
BENDIGO EAST,8805,1921
BENDIGO WEST,9429,1921
BOROONDARA,49157,1921
BORUNG,7824,1921
BRIGHTON,26285,1921
BRUNSWICK,25047,1921
BULLA,11290,1921
CARLTON,12762,1921
CASTLEMAINE AND MALDON,6621,1921
COLLINGWOOD,14796,1921
DALHOUSIE,6948,1921
DANDENONG,17719,1921
DAYLESFORD,6410,1921
DUNDAS,8215,1921
EAGLEHAWK,6412,1921
EAST MELBOURNE,12214,1921
ESSENDON,31676,1921
EVELYN,12151,1921
FITZROY,14745,1921
FLEMINGTON,23755,1921
GEELONG,14991,1921
GIPPSLAND EAST,6146,1921
GIPPSLAND NORTH,9122,1921
GIPPSLAND SOUTH,9702,1921
GIPPSLAND WEST,9663,1921
GLENELG,8996,1921
GOULBURN VALLEY,8865,1921
GRENVILLE,4820,1921
GUNBOWER,8963,1921
HAMPDEN,11356,1921
HAWTHORN,29582,1921
JIKA JIKA,34953,1921
KARA KARA,6080,1921
KORONG,6831,1921
LOWAN,9640,1921
MARYBOROUGH,6664,1921
MELBOURNE,8825,1921
MORNINGTON,15741,1921
NORTH MELBOURNE,18362,1921
OVENS,5183,1921
POLWARTH,11310,1921
PORT FAIRY,8051,1921
PORT MELBOURNE,15321,1921
PRAHRAN,21095,1921
RICHMOND,16613,1921
RODNEY,11395,1921
ST KILDA,34106,1921
STAWELL AND ARARAT,7969,1921
SWAN HILL,18135,1921
TOORAK,25421,1921
UPPER GOULBURN,8109,1921
WALHALLA,6758,1921
WANGARATTA,7566,1921
WARANGA,6950,1921
WARRENHEIP,5657,1921
WARRNAMBOOL,9027,1921
WILLIAMSTOWN,23939,1921
Boroondara had,63123,1924
ABBOTSFORD,14510,1924
ALBERT PARK,20431,1924
ALLANDALE,5216,1924
BALLARAT EAST,9756,1924
BALLARAT WEST,10549,1924
BARWON,12355,1924
BENALLA,7108,1924
BENAMBRA,6700,1924
BENDIGO EAST,8204,1924
BENDIGO WEST,9017,1924
BOROONDARA,63123,1924
BORUNG,7856,1924
BRIGHTON,30536,1924
BRUNSWICK,27788,1924
BULLA,11810,1924
CARLTON,11767,1924
CASTLEMAINE AND MALDON,6246,1924
COLLINGWOOD,14212,1924
DALHOUSIE,6704,1924
DANDENONG,19505,1924
DAYLESFORD,6185,1924
DUNDAS,8256,1924
EAGLEHAWK,5861,1924
EAST MELBOURNE,10938,1924
ESSENDON,37039,1924
EVELYN,12213,1924
FITZROY,12353,1924
FLEMINGTON,23713,1924
GEELONG,15405,1924
GIPPSLAND EAST,6134,1924
GIPPSLAND NORTH,9543,1924
GIPPSLAND SOUTH,9745,1924
GIPPSLAND WEST,9385,1924
GLENELG,9022,1924
GOULBURN VALLEY,8924,1924
GRENVILLE,4256,1924
GUNBOWER,9178,1924
HAMPDEN,11573,1924
HAWTHORN,32143,1924
JIKA JIKA,41548,1924
KARA KARA,5958,1924
KORONG,6518,1924
LOWAN,10470,1924
MARYBOROUGH,6360,1924
MELBOURNE,7738,1924
MORNINGTON,17066,1924
NORTH MELBOURNE,15915,1924
OVENS,4880,1924
POLWARTH,11494,1924
PORT FAIRY,7313,1924
PORT MELBOURNE,15435,1924
PRAHRAN,19436,1924
RICHMOND,16381,1924
RODNEY,11194,1924
ST KILDA,35932,1924
STAWELL AND ARARAT,7910,1924
SWAN HILL,21313,1924
TOORAK,24441,1924
UPPER GOULBURN,7760,1924
WALHALLA,7797,1924
WANGARATTA,7165,1924
WARANGA,6466,1924
WARRENHEIP,5192,1924
WARRNAMBOOL,9410,1924
WILLIAMSTOWN,24058,1924
ALBERT PARK,23697,1927
ALLANDALE,9709,1927
BALLARAT,16521,1927
BARWON,11441,1927
BENALLA,9717,1927
BENAMBRA,8066,1927
BENDIGO,15384,1927
BOROONDARA,21831,1927
BRIGHTON,22753,1927
BRUNSWICK,22998,1927
BULLA AND DALHOUSIE,9971,1927
CARLTON,22034,1927
CASTLEMAINE AND KYNETON,9928,1927
CAULFIELD,23388,1927
CLIFTON HILL,24347,1927
COBURG,20528,1927
COLLINGWOOD,23879,1927
DANDENONG,20571,1927
DUNDAS,10568,1927
ESSENDON,20677,1927
EVELYN,9494,1927
FLEMINGTON,21687,1927
FOOTSCRAY,21599,1927
GEELONG,17621,1927
GIPPSLAND EAST,7040,1927
GIPPSLAND NORTH,9962,1927
GIPPSLAND SOUTH,10042,1927
GIPPSLAND WEST,10060,1927
GOULBURN VALLEY,10778,1927
GRANT,9172,1927
GUNBOWER,10719,1927
HAMPDEN,10358,1927
HAWTHORN,21641,1927
HEIDELBERG,21954,1927
KARA KARA AND BORUNG,10535,1927
KEW,21610,1927
KORONG AND EAGLEHAWK,10776,1927
LOWAN,10923,1927
MARYBOROUGH AND DAYLESFORD,10515,1927
MELBOURNE,23045,1927
MILDURA,9066,1927
MORNINGTON,10520,1927
NORTHCOTE,22405,1927
NUNAWADING,19012,1927
OAKLEIGH,24730,1927
OUYEN,10499,1927
POLWARTH,10981,1927
PORT FAIRY AND GLENELG,10898,1927
PORT MELBOURNE,22076,1927
PRAHRAN,25087,1927
RICHMOND,24059,1927
RODNEY,10855,1927
ST KILDA,24958,1927
STAWELL AND ARARAT,10881,1927
SWAN HILL,8837,1927
TOORAK,22193,1927
UPPER GOULBURN,9333,1927
UPPER YARRA,11556,1927
WALHALLA,9296,1927
WANGARATTA AND OVENS,9306,1927
WARANGA,9349,1927
WARRENHEIP AND GRENVILLE,9743,1927
WARRNAMBOOL,9991,1927
WILLIAMSTOWN,20379,1927
WONTHAGGI,9662,1927
ALBERT PARK,22824,1929
ALLANDALE,9687,1929
BALLARAT,17068,1929
BARWON,11680,1929
BENALLA,10901,1929
BENAMBRA,8453,1929
BENDIGO,15921,1929
BOROONDARA,24813,1929
BRIGHTON,24523,1929
BRUNSWICK,24092,1929
BULLA AND DALHOUSIE,9959,1929
CARLTON,20405,1929
CASTLEMAINE AND KYNETON,10291,1929
CAULFIELD,24591,1929
CLIFTON HILL,23189,1929
COBURG,23308,1929
COLLINGWOOD,22154,1929
DANDENONG,24661,1929
DUNDAS,10828,1929
ESSENDON,22310,1929
EVELYN,9997,1929
FLEMINGTON,21561,1929
FOOTSCRAY,23970,1929
GEELONG,17775,1929
GIPPSLAND EAST,7126,1929
GIPPSLAND NORTH,10173,1929
GIPPSLAND SOUTH,10330,1929
GIPPSLAND WEST,10691,1929
GOULBURN VALLEY,11367,1929
GRANT,9700,1929
GUNBOWER,11051,1929
HAMPDEN,10699,1929
HAWTHORN,22334,1929
HEIDELBERG,25525,1929
KARA KARA AND BORUNG,10916,1929
KEW,23742,1929
KORONG AND EAGLEHAWK,10820,1929
LOWAN,11262,1929
MARYBOROUGH AND DAYLESFORD,10614,1929
MELBOURNE,21565,1929
MILDURA,10602,1929
MORNINGTON,11572,1929
NORTHCOTE,22346,1929
NUNAWADING,21032,1929
OAKLEIGH,27452,1929
OUYEN,11068,1929
POLWARTH,11217,1929
PORT FAIRY AND GLENELG,11000,1929
PORT MELBOURNE,21292,1929
PRAHRAN,24291,1929
RICHMOND,23375,1929
RODNEY,11240,1929
ST KILDA,26168,1929
STAWELL AND ARARAT,11071,1929
SWAN HILL,9220,1929
TOORAK,22001,1929
UPPER GOULBURN,9492,1929
UPPER YARRA,12281,1929
WALHALLA,10213,1929
WANGARATTA AND OVENS,9513,1929
WARANGA,9229,1929
WARRENHEIP AND GRENVILLE,9733,1929
WARRNAMBOOL,10466,1929
WILLIAMSTOWN,21549,1929
WONTHAGGI,9902,1929
Melbourne HAWTHORN,22139,1929
ALBERT PARK,22431,1932
ALLANDALE,10038,1932
BALLARAT,17889,1932
BARWON,12100,1932
BENALLA,10142,1932
BENAMBRA,8938,1932
BENDIGO,16894,1932
BOROONDARA,26127,1932
BRIGHTON,25429,1932
BRUNSWICK,24691,1932
BULLA AND DALHOUSIE,10366,1932
CARLTON,20099,1932
CASTLEMAINE AND KYNETON,10732,1932
CAULFIELD,24870,1932
CLIFTON HILL,23406,1932
COBURG,24369,1932
COLLINGWOOD,22306,1932
DANDENONG,26254,1932
DUNDAS,11239,1932
ESSENDON,22891,1932
EVELYN,10709,1932
FLEMINGTON,20852,1932
FOOTSCRAY,24201,1932
GEELONG,18019,1932
GIPPSLAND EAST,7771,1932
GIPPSLAND NORTH,10732,1932
GIPPSLAND SOUTH,11224,1932
GIPPSLAND WEST,11332,1932
GOULBURN VALLEY,11592,1932
GRANT,9825,1932
GUNBOWER,10991,1932
HAMPDEN,10905,1932
HAWTHORN,22720,1932
HEIDELBERG,27059,1932
KARA KARA AND BORUNG,10502,1932
KEW,24942,1932
KORONG AND EAGLEHAWK,11102,1932
LOWAN,11420,1932
MARYBOROUGH AND DAYLESFORD,10897,1932
MELBOURNE,19181,1932
MILDURA,10966,1932
MORNINGTON,12659,1932
NORTHCOTE,23495,1932
NUNAWADING,22238,1932
OAKLEIGH,28255,1932
OUYEN,10679,1932
POLWARTH,11306,1932
PORT FAIRY AND GLENELG,11491,1932
PORT MELBOURNE,21188,1932
PRAHRAN,24049,1932
RICHMOND,23625,1932
RODNEY,11521,1932
ST KILDA,26027,1932
STAWELL AND ARARAT,11277,1932
SWAN HILL,9172,1932
TOORAK,22496,1932
UPPER GOULBURN,9457,1932
UPPER YARRA,13585,1932
WALHALLA,10638,1932
WANGARATTA AND OVENS,10338,1932
WARANGA,9414,1932
WARRENHEIP AND GRENVILLE,10354,1932
WARRNAMBOOL,11455,1932
WILLIAMSTOWN,21824,1932
WONTHAGGI,10605,1932
ALBERT PARK,23066,1935
ALLANDALE,10454,1935
BALLARAT,18233,1935
BARWON,12513,1935
BENALLA,10671,1935
BENAMBRA,9029,1935
BENDIGO,17971,1935
BOROONDARA,27566,1935
BRIGHTON,26787,1935
BRUNSWICK,25787,1935
BULLA AND DALHOUSIE,10125,1935
CARLTON,21252,1935
CASTLEMAINE AND KYNETON,10820,1935
CAULFIELD,25557,1935
CLIFTON HILL,23877,1935
COBURG,25864,1935
COLLINGWOOD,23346,1935
DANDENONG,27968,1935
DUNDAS,11597,1935
ESSENDON,23709,1935
EVELYN,11264,1935
FLEMINGTON,22280,1935
FOOTSCRAY,25398,1935
GEELONG,18647,1935
GIPPSLAND EAST,7998,1935
GIPPSLAND NORTH,10930,1935
GIPPSLAND SOUTH,11422,1935
GIPPSLAND WEST,11419,1935
GOULBURN VALLEY,11974,1935
GRANT,10206,1935
GUNBOWER,11613,1935
HAMPDEN,11144,1935
HAWTHORN,23956,1935
HEIDELBERG,27962,1935
KARA KARA AND BORUNG,11130,1935
KEW,25694,1935
KORONG AND EAGLEHAWK,11754,1935
LOWAN,11923,1935
MARYBOROUGH AND DAYLESFORD,11438,1935
MELBOURNE,20754,1935
MILDURA,12946,1935
MORNINGTON,13232,1935
NORTHCOTE,23686,1935
NUNAWADING,22801,1935
OAKLEIGH,29603,1935
OUYEN,11063,1935
POLWARTH,11665,1935
PORT FAIRY AND GLENELG,11821,1935
PORT MELBOURNE,22253,1935
PRAHRAN,25454,1935
RICHMOND,24310,1935
RODNEY,11991,1935
ST KILDA,26417,1935
STAWELL AND ARARAT,11772,1935
SWAN HILL,9775,1935
TOORAK,23817,1935
UPPER GOULBURN,9717,1935
UPPER YARRA,14294,1935
WALHALLA,10772,1935
WANGARATTA AND OVENS,11206,1935
WARANGA,9579,1935
WARRENHEIP AND GRENVILLE,10736,1935
WARRNAMBOOL,12117,1935
WILLIAMSTOWN,22676,1935
WONTHAGGI,10450,1935
ALBERT PARK,24087,1937
ALLANDALE,10245,1937
BALLARAT,18084,1937
BARWON,12812,1937
BENALLA,11408,1937
BENAMBRA,8954,1937
BENDIGO,18612,1937
BOROONDARA,31327,1937
BRIGHTON,28968,1937
BRUNSWICK,26454,1937
BULLA AND DALHOUSIE,10096,1937
CARLTON,21839,1937
CASTLEMAINE AND KYNETON,11140,1937
CAULFIELD,27834,1937
CLIFTON HILL,24329,1937
COBURG,27404,1937
COLLINGWOOD,23326,1937
DANDENONG,30516,1937
DUNDAS,12186,1937
ESSENDON,24842,1937
EVELYN,11672,1937
FLEMINGTON,22384,1937
FOOTSCRAY,26575,1937
GEELONG,19168,1937
GIPPSLAND EAST,8040,1937
GIPPSLAND NORTH,11185,1937
GIPPSLAND SOUTH,11504,1937
GIPPSLAND WEST,11467,1937
GOULBURN VALLEY,12426,1937
GRANT,10482,1937
GUNBOWER,11467,1937
HAMPDEN,11165,1937
HAWTHORN,25770,1937
HEIDELBERG,29703,1937
KARA KARA AND BORUNG,11057,1937
KEW,27563,1937
KORONG AND EAGLEHAWK,11622,1937
LOWAN,12173,1937
MARYBOROUGH AND DAYLESFORD,11387,1937
MELBOURNE,20180,1937
MILDURA,13152,1937
MORNINGTON,13451,1937
NORTHCOTE,24603,1937
NUNAWADING,24507,1937
OAKLEIGH,32314,1937
OUYEN,10511,1937
POLWARTH,11766,1937
PORT FAIRY AND GLENELG,11994,1937
PORT MELBOURNE,21406,1937
PRAHRAN,25570,1937
RICHMOND,25129,1937
RODNEY,12027,1937
ST KILDA,28999,1937
STAWELL AND ARARAT,11938,1937
SWAN HILL,9407,1937
TOORAK,24869,1937
UPPER GOULBURN,9761,1937
UPPER YARRA,15239,1937
WALHALLA,11456,1937
WANGARATTA AND OVENS,11208,1937
WARANGA,9493,1937
WARRENHEIP AND GRENVILLE,10637,1937
WARRNAMBOOL,12311,1937
WILLIAMSTOWN,23364,1937
WONTHAGGI,10031,1937
ALBERT PARK,24316,1940
ALLANDALE,9956,1940
BALLARAT,17744,1940
BARWON,13237,1940
BENALLA,11190,1940
BENAMBRA,9122,1940
BENDIGO,17950,1940
BOROONDARA,34198,1940
BRIGHTON,31341,1940
BRUNSWICK,27426,1940
BULLA AND DALHOUSIE,9941,1940
CARLTON,21532,1940
CASTLEMAINE AND KYNETON,10811,1940
CAULFIELD,29438,1940
CLIFTON HILL,24131,1940
COBURG,29098,1940
COLLINGWOOD,23018,1940
DANDENONG,33158,1940
DUNDAS,12364,1940
ESSENDON,26556,1940
EVELYN,11873,1940
FLEMINGTON,23278,1940
FOOTSCRAY,28541,1940
GEELONG,19494,1940
GIPPSLAND EAST,7886,1940
GIPPSLAND NORTH,11033,1940
GIPPSLAND SOUTH,12048,1940
GIPPSLAND WEST,11443,1940
GOULBURN VALLEY,12696,1940
GRANT,10585,1940
GUNBOWER,11229,1940
HAMPDEN,11090,1940
HAWTHORN,25869,1940
HEIDELBERG,32065,1940
KARA KARA AND BORUNG,10788,1940
KEW,29679,1940
KORONG AND EAGLEHAWK,11102,1940
LOWAN,12398,1940
MARYBOROUGH AND DAYLESFORD,11061,1940
MELBOURNE,20590,1940
MILDURA,13034,1940
MORNINGTON,14285,1940
NORTHCOTE,24692,1940
NUNAWADING,26253,1940
OAKLEIGH,33877,1940
OUYEN,10077,1940
POLWARTH,11882,1940
PORT FAIRY AND GLENELG,12213,1940
PORT MELBOURNE,21462,1940
PRAHRAN,25936,1940
RICHMOND,23769,1940
RODNEY,11993,1940
ST KILDA,30920,1940
STAWELL AND ARARAT,11767,1940
SWAN HILL,9176,1940
TOORAK,25017,1940
UPPER GOULBURN,9607,1940
UPPER YARRA,15859,1940
WALHALLA,11953,1940
WANGARATTA AND OVENS,11415,1940
WARANGA,9020,1940
WARRENHEIP AND GRENVILLE,10398,1940
WARRNAMBOOL,12606,1940
WILLIAMSTOWN,24309,1940
WONTHAGGI,9899,1940
ALBERT PARK,28881,1943
ALLANDALE,9486,1943
BALLARAT,18327,1943
BARWON,13828,1943
BENALLA,10872,1943
BENAMBRA,9506,1943
BENDIGO,18507,1943
BOROONDARA,39261,1943
BRIGHTON,35993,1943
BRUNSWICK,29664,1943
BULLA AND DALHOUSIE,10251,1943
CARLTON,22723,1943
CASTLEMAINE AND KYNETON,10732,1943
CAULFIELD,32473,1943
CLIFTON HILL,25553,1943
COBURG,32906,1943
COLLINGWOOD,24496,1943
DANDENONG,39698,1943
DUNDAS,12385,1943
ESSENDON,30894,1943
EVELYN,13259,1943
FLEMINGTON,25925,1943
FOOTSCRAY,34165,1943
GEELONG,20395,1943
GIPPSLAND EAST,7443,1943
GIPPSLAND NORTH,11180,1943
GIPPSLAND SOUTH,13018,1943
GIPPSLAND WEST,12061,1943
GOULBURN VALLEY,12712,1943
GRANT,11708,1943
GUNBOWER,10439,1943
HAMPDEN,10735,1943
HAWTHORN,28500,1943
HEIDELBERG,37373,1943
KARA KARA AND BORUNG,9620,1943
KEW,34589,1943
KORONG AND EAGLEHAWK,10124,1943
LOWAN,11952,1943
MARYBOROUGH AND DAYLESFORD,10694,1943
MELBOURNE,23712,1943
MILDURA,13187,1943
MORNINGTON,15525,1943
NORTHCOTE,26623,1943
NUNAWADING,30157,1943
OAKLEIGH,39079,1943
OUYEN,8888,1943
POLWARTH,11884,1943
PORT FAIRY AND GLENELG,11945,1943
PORT MELBOURNE,22668,1943
PRAHRAN,32947,1943
RICHMOND,26162,1943
RODNEY,11678,1943
ST KILDA,33617,1943
STAWELL AND ARARAT,11174,1943
SWAN HILL,8915,1943
TOORAK,30232,1943
UPPER GOULBURN,9987,1943
UPPER YARRA,18690,1943
WALHALLA,13343,1943
WANGARATTA AND OVENS,11327,1943
WARANGA,8602,1943
WARRENHEIP AND GRENVILLE,10121,1943
WARRNAMBOOL,12609,1943
WILLIAMSTOWN,26497,1943
WONTHAGGI,9734,1943
ALBERT PARK,25431,1945
ALLENDALE,14444,1945
BALLARAT,20791,1945
BARWON,14272,1945
BENALLA,12947,1945
BENAMBRA,12297,1945
BENDIGO,20917,1945
BORUNG,12999,1945
BOX HILL,25199,1945
BRIGHTON,25681,1945
BRUNSWICK,26742,1945
CAMBERWELL,25135,1945
CARLTON,25575,1945
CAULFIELD,25018,1945
CLIFTON HILL,26112,1945
COBURG,24441,1945
COLLINGWOOD,25855,1945
DANDENONG,24009,1945
DUNDAS,13791,1945
ELSTERNWICK,23310,1945
ESSENDON,25117,1945
EVELYN,13580,1945
FOOTSCRAY,25587,1945
GEELONG,20755,1945
GIPPSLAND EAST,12015,1945
GIPPSLAND NORTH,13031,1945
GIPPSLAND SOUTH,13883,1945
GIPPSLAND WEST,14389,1945
GLEN IRIS,23592,1945
GOULBURN,12646,1945
GRANT,14739,1945
HAMPDEN,14126,1945
HAWTHORN,25451,1945
IVANHOE,23367,1945
KEW,25253,1945
KORONG,12884,1945
MALVERN,24069,1945
MELBOURNE,26354,1945
MENTONE,24667,1945
MERNDA,13697,1945
MIDLANDS,14167,1945
MILDURA,13087,1945
MOONEE PONDS,26295,1945
MORNINGTON,14006,1945
MURRAY VALLEY,13551,1945
NORTHCOTE,24963,1945
OAKLEIGH,24422,1945
POLWARTH,13753,1945
PORT MELBOURNE,26747,1945
PORTLAND,14045,1945
PRAHRAN,26746,1945
PRESTON,23932,1945
RAINBOW,12622,1945
RIPON,13924,1945
RODNEY,14104,1945
ST KILDA,24855,1945
SCORESBY,13821,1945
SHEPPARTON,14772,1945
SUNSHINE,24017,1945
SWAN HILL,13411,1945
TOORAK,25608,1945
WARRNAMBOOL,13871,1945
WILLIAMSTOWN,25281,1945
WONTHAGGI,14849,1945
ALBERT PARK,26921,1947
ALLENDALE,15101,1947
BALLARAT,21920,1947
BARWON,15546,1947
BENALLA,13510,1947
BENAMBRA,12503,1947
BENDIGO,21783,1947
BORUNG,13382,1947
BOX HILL,27486,1947
BRIGHTON,27819,1947
BRUNSWICK,26281,1947
CAMBERWELL,26885,1947
CARLTON,27343,1947
CAULFIELD,25644,1947
CLIFTON HILL,26947,1947
COBURG,25629,1947
COLLINGWOOD,27055,1947
DANDENONG,27663,1947
DUNDAS,14721,1947
ELSTERNWICK,24377,1947
ESSENDON,26936,1947
EVELYN,15459,1947
FOOTSCRAY,26296,1947
GEELONG,21860,1947
GIPPSLAND EAST,12598,1947
GIPPSLAND NORTH,14096,1947
GIPPSLAND SOUTH,14777,1947
GIPPSLAND WEST,15452,1947
GLEN IRIS,25022,1947
GOULBURN,13401,1947
GRANT,15122,1947
HAMPDEN,14426,1947
HAWTHORN,25775,1947
IVANHOE,26359,1947
KEW,26020,1947
KORONG,12995,1947
MALVERN,24008,1947
MELBOURNE,26462,1947
MENTONE,28347,1947
MERNDA,14844,1947
MIDLANDS,14717,1947
MILDURA,14398,1947
MOONEE PONDS,27141,1947
MORNINGTON,16371,1947
MURRAY VALLEY,14226,1947
NORTHCOTE,25895,1947
opposition OAKLEIGH,26246,1947
POLWARTH,14266,1947
PORT MELBOURNE,27922,1947
PORTLAND,14564,1947
PRAHRAN,27361,1947
PRESTON,26283,1947
RAINBOW,12531,1947
RICHMOND,27019,1947
RIPON,14371,1947
RODNEY,14392,1947
ST KILDA,25837,1947
SCORESBY,15868,1947
SHEPPARTON,15444,1947
SUNSHINE,25589,1947
SWAN HILL,13684,1947
TOORAK,26161,1947
WARRNAMBOOL,14469,1947
WILLIAMSTOWN,26701,1947
WONTHAGGI,15393,1947
ALBERT PARK,25615,1950
ALLENDALE,15337,1950
BALLARAT,21659,1950
BARWON,16150,1950
BENALLA,13786,1950
BENAMBRA,13559,1950
BENDIGO,22366,1950
BORUNG,13692,1950
BOX HILL,30717,1950
BRIGHTON,28430,1950
BRUNSWICK,25076,1950
CAMBERWELL,27066,1950
CARLTON,26138,1950
CAULFIELD,23785,1950
CLIFTON HILL,25422,1950
COBURG,25631,1950
COLLINGWOOD,25664,1950
DANDENONG,35118,1950
DUNDAS,15103,1950
ELSTERNWICK,22994,1950
ESSENDON,29622,1950
EVELYN,17076,1950
FOOTSCRAY,25077,1950
GEELONG,21578,1950
GIPPSLAND EAST,13156,1950
GIPPSLAND NORTH,16243,1950
GIPPSLAND SOUTH,16282,1950
GIPPSLAND WEST,16035,1950
GLEN IRIS,26441,1950
GOULBURN,13779,1950
GRANT,16242,1950
HAMPDEN,14476,1950
HAWTHORN,24081,1950
IVANHOE,30895,1950
KEW,24112,1950
KORONG,12780,1950
MALVERN,22575,1950
MELBOURNE,24221,1950
MENTONE,31207,1950
MERNDA,16397,1950
MIDLANDS,14919,1950
MILDURA,14197,1950
MOONEE PONDS,26569,1950
MORNINGTON,17967,1950
MURRAY VALLEY,15343,1950
NORTHCOTE,25355,1950
OAKLEIGH,27079,1950
POLWARTH,14735,1950
PORT MELBOURNE,26680,1950
PORTLAND,15054,1950
PRAHRAN,24805,1950
PRESTON,27934,1950
RAINBOW,12354,1950
RICHMOND,25304,1950
RIPON,14953,1950
RODNEY,14600,1950
ST KILDA,23724,1950
SCORESBY,17679,1950
SHEPPARTON,16315,1950
SUNSHINE,27820,1950
SWAN HILL,14042,1950
TOORAK,22889,1950
WARRNAMBOOL,14506,1950
WILLIAMSTOWN,26983,1950
WONTHAGGI,15452,1950
ALBERT PARK,22280,1952
ALLENDALE,15929,1952
BALLARAT,21495,1952
BARWON,17675,1952
BENALLA,13646,1952
BENAMBRA,14050,1952
BENDIGO,23344,1952
BORUNG,13911,1952
BOX HILL,36858,1952
BRIGHTON,27525,1952
BRUNSWICK,22887,1952
CAMBERWELL,28618,1952
CARLTON,23883,1952
CAULFIELD,22279,1952
CLIFTON HILL,23293,1952
COBURG,25438,1952
COLLINGWOOD,24077,1952
DANDENONG,45752,1952
DUNDAS,15407,1952
ELSTERNWICK,21478,1952
ESSENDON,33201,1952
EVELYN,19024,1952
FOOTSCRAY,23372,1952
GEELONG,21255,1952
GIPPSLAND EAST,13539,1952
GIPPSLAND NORTH,18403,1952
GIPPSLAND SOUTH,19356,1952
GIPPSLAND WEST,16603,1952
GLEN IRIS,28965,1952
GOULBURN,14640,1952
GRANT,19336,1952
HAMPDEN,14929,1952
HAWTHORN,22133,1952
IVANHOE,36145,1952
KEW,22713,1952
KORONG,12767,1952
MALVERN,21615,1952
MELBOURNE,21963,1952
MENTONE,36049,1952
MERNDA,18751,1952
MIDLANDS,15220,1952
MILDURA,14224,1952
MOONEE PONDS,26177,1952
MORNINGTON,21208,1952
MURRAY VALLEY,16461,1952
NORTHCOTE,24584,1952
OAKLEIGH,28548,1952
POLWARTH,15350,1952
PORT MELBOURNE,24767,1952
PORTLAND,15454,1952
PRAHRAN,23311,1952
PRESTON,30547,1952
RAINBOW,12365,1952
RICHMOND,22821,1952
RIPON,15393,1952
RODNEY,14662,1952
ST KILDA,21554,1952
SCORESBY,21451,1952
SHEPPARTON,16957,1952
SUNSHINE,31577,1952
SWAN HILL,14315,1952
TOORAK,22902,1952
WARRNAMBOOL,14887,1952
WILLIAMSTOWN,27891,1952
WONTHAGGI,15495,1952
ALBERT PARK,17402,1955
ASCOT VALE,23200,1955
BALLARAT NORTH,20603,1955
BALLARAT SOUTH,20522,1955
BALWYN,22934,1955
BENALLA,21115,1955
BENAMBRA,20430,1955
BENDIGO,21308,1955
BOX HILL,31046,1955
BRIGHTON,19332,1955
BROADMEADOWS,27829,1955
BRUNSWICK EAST,18606,1955
BRUNSWICK WEST,16653,1955
BURWOOD,21287,1955
CAMBERWELL,21852,1955
CARLTON,17007,1955
CAULFIELD,18205,1955
CAULFIELD EAST,22789,1955
COBURG,22829,1955
COLLINGWOOD,15355,1955
DANDENONG,36477,1955
DUNDAS,19146,1955
ELSTERNWICK,21166,1955
EVELYN,32036,1955
FLEMINGTON,16784,1955
FOOTSCRAY,19832,1955
GEELONG,23614,1955
GEELONG WEST,23701,1955
GIPPSLAND EAST,19158,1955
GIPPSLAND SOUTH,19782,1955
GIPPSLAND WEST,22886,1955
GRANT,29872,1955
HAMPDEN,19641,1955
HAWTHORN,17734,1955
IVANHOE,19284,1955
KARA KARA,18085,1955
KEW,22068,1955
LOWAN,17943,1955
MALVERN,18685,1955
MELBOURNE,16377,1955
MENTONE,25716,1955
MIDLANDS,22327,1955
MILDURA,19086,1955
MOONEE PONDS,22024,1955
MOORABBIN,31795,1955
MORNINGTON,24684,1955
MORWELL,20981,1955
MURRAY VALLEY,21066,1955
NORTHCOTE,19198,1955
OAKLEIGH,19761,1955
PASCOE VALE,22732,1955
POLWARTH,20402,1955
PORT MELBOURNE,17203,1955
PORTLAND,19089,1955
PRAHRAN,18302,1955
PRESTON,23434,1955
RESERVOIR,23582,1955
RICHMOND,16676,1955
RIPPONLEA,18027,1955
RODNEY,21099,1955
ST KILDA,18521,1955
SANDRINGHAM,30062,1955
SCORESBY,34177,1955
SWAN HILL,18847,1955
TOORAK,18505,1955
WILLIAMSTOWN,19717,1955
ALBERT PARK,19844,1958
BALLARAT NORTH,21979,1958
BALLARAT SOUTH,21412,1958
BALWYN,25505,1958
BENALLA,20675,1958
BENAMBRA,21636,1958
BENDIGO,21868,1958
BOX HILL,24107,1958
BRIGHTON,21449,1958
BROADMEADOWS,30448,1958
BRUNSWICK EAST,18288,1958
BRUNSWICK WEST,20932,1958
BURWOOD,21622,1958
CAMBERWELL,21009,1958
CAULFIELD,21916,1958
COBURG,21911,1958
DANDENONG,29072,1958
DUNDAS,21822,1958
ELSTERNWICK,21695,1958
ESSENDON,23052,1958
EVELYN,25508,1958
FITZROY,19456,1958
FLEMINGTON,19264,1958
FOOTSCRAY,20607,1958
GEELONG,21207,1958
GEELONG WEST,23172,1958
GIPPSLAND EAST,20841,1958
GIPPSLAND SOUTH,21889,1958
GIPPSLAND WEST,21924,1958
GRANT,29527,1958
HAMPDEN,20842,1958
HAWTHORN,20017,1958
IVANHOE,23649,1958
KARA KARA,19973,1958
KEW,21858,1958
LOWAN,20602,1958
MALVERN,20074,1958
MELBOURNE,18872,1958
MENTONE,23641,1958
MIDLANDS,22512,1958
MILDURA,20254,1958
MOONEE PONDS,20777,1958
MOORABBIN,26199,1958
MORNINGTON,23629,1958
MORWELL,21132,1958
MULGRAVE,31861,1958
MURRAY VALLEY,21889,1958
NORTHCOTE,21723,1958
OAKLEIGH,22659,1958
ORMOND,24208,1958
POLWARTH,23001,1958
PORTLAND,22013,1958
PRAHRAN,19767,1958
PRESTON,25974,1958
RESERVOIR,25172,1958
RICHMOND,19583,1958
RINGWOOD,28074,1958
RIPPONLEA,20536,1958
RODNEY,21542,1958
ST KILDA,20183,1958
SANDRINGHAM,25231,1958
SCORESBY,25807,1958
SWAN HILL,19727,1958
TOORAK,19452,1958
WILLIAMSTOWN,20110,1958
YARRAVILLE,21885,1958
ALBERT PARK,17415,1961
BALLARAT NORTH,22585,1961
BALLARAT SOUTH,21531,1961
BALWYN,27107,1961
BENALLA,20915,1961
BENAMBRA,23039,1961
BENDIGO,21894,1961
BOX HILL,30533,1961
BRIGHTON,20878,1961
BROADMEADOWS,42871,1961
BRUNSWICK EAST,16987,1961
BRUNSWICK WEST,19472,1961
BURWOOD,21578,1961
CAMBERWELL,20642,1961
CAULFIELD,21439,1961
COBURG,21501,1961
DANDENONG,37575,1961
DUNDAS,21766,1961
ELSTERNWICK,20589,1961
ESSENDON,24434,1961
EVELYN,30817,1961
FITZROY,17203,1961
FLEMINGTON,18471,1961
FOOTSCRAY,20222,1961
GEELONG,21758,1961
GEELONG WEST,25869,1961
GIPPSLAND EAST,21537,1961
GIPPSLAND SOUTH,23424,1961
GIPPSLAND WEST,22382,1961
GRANT,36649,1961
HAMPDEN,20975,1961
HAWTHORN,18722,1961
IVANHOE,23626,1961
KARA KARA,19521,1961
KEW,21462,1961
LOWAN,20793,1961
MALVERN,19098,1961
MELBOURNE,15758,1961
MENTONE,26167,1961
MIDLANDS,23306,1961
MILDURA,20648,1961
MOONEE PONDS,20225,1961
MOORABBIN,30799,1961
MORNINGTON,28189,1961
MORWELL,22946,1961
MULGRAVE,46023,1961
MURRAY VALLEY,23051,1961
NORTHCOTE,20171,1961
OAKLEIGH,23142,1961
ORMOND,24799,1961
POLWARTH,24794,1961
PORTLAND,22756,1961
PRAHRAN,18295,1961
PRESTON,26512,1961
RESERVOIR,27588,1961
RICHMOND,17634,1961
RINGWOOD,35337,1961
RIPPONLEA,19498,1961
RODNEY,22401,1961
ST KILDA,18580,1961
SANDRINGHAM,26818,1961
SCORESBY,30627,1961
SWAN HILL,19703,1961
TOORAK,18757,1961
WILLIAMSTOWN,19193,1961
YARRAVILLE,21859,1961
ALBERT PARK,16223,1964
BALLARAT NORTH,22914,1964
BALLARAT SOUTH,21887,1964
BALWYN,28438,1964
BENALLA,21091,1964
BENAMBRA,23895,1964
BENDIGO,22157,1964
BOX HILL,37755,1964
BRIGHTON,21133,1964
BROADMEADOWS,52865,1964
BRUNSWICK EAST,15773,1964
BRUNSWICK WEST,18482,1964
BURWOOD,21599,1964
CAMBERWELL,20597,1964
CAULFIELD,21310,1964
COBURG,20970,1964
DANDENONG,45070,1964
DUNDAS,21644,1964
ELSTERNWICK,20887,1964
ESSENDON,25421,1964
EVELYN,35240,1964
FITZROY,16093,1964
FLEMINGTON,18402,1964
FOOTSCRAY,20055,1964
GEELONG,22523,1964
GEELONG WEST,28186,1964
GIPPSLAND EAST,21857,1964
GIPPSLAND SOUTH,24775,1964
GIPPSLAND WEST,22861,1964
GRANT,46160,1964
HAMPDEN,21137,1964
HAWTHORN,18558,1964
IVANHOE,23700,1964
KARA KARA,19409,1964
KEW,21403,1964
LOWAN,21134,1964
MALVERN,18966,1964
MELBOURNE,14228,1964
MENTONE,28065,1964
MIDLANDS,23894,1964
MILDURA,20973,1964
MOONEE PONDS,19976,1964
MOORABBIN,33974,1964
MORNINGTON,33536,1964
MORWELL,24713,1964
MULGRAVE,58067,1964
MURRAY VALLEY,24526,1964
NORTHCOTE,19465,1964
OAKLEIGH,23331,1964
ORMOND,25534,1964
POLWARTH,26603,1964
PORTLAND,23338,1964
PRAHRAN,18283,1964
PRESTON,25958,1964
RESERVOIR,28648,1964
RICHMOND,16164,1964
RINGWOOD,40985,1964
RIPPONLEA,19723,1964
RODNEY,23352,1964
ST KILDA,18561,1964
SANDRINGHAM,27833,1964
SCORESBY,36199,1964
SWAN HILL,20109,1964
TOORAK,18921,1964
WILLIAMSTOWN,18504,1964
YARRAVILLE,20186,1964
ALBERT PARK,24061,1967
BALLARAT NORTH,23510,1967
BALLARAT SOUTH,22741,1967
BALWYN,26404,1967
BELLARINE,20917,1967
BENALLA,17939,1967
BENAMBRA,18579,1967
BENDIGO,22808,1967
BENNETTSWOOD,25753,1967
BENTLEIGH,26073,1967
BOX HILL,29186,1967
BRIGHTON,24998,1967
BROADMEADOWS,28583,1967
BRUNSWICK EAST,24394,1967
BRUNSWICK WEST,24462,1967
CAMBERWELL,24973,1967
CAULFIELD,26248,1967
COBURG,23869,1967
DANDENONG,26701,1967
DEER PARK,29969,1967
DROMANA,19515,1967
DUNDAS,18449,1967
ESSENDON,25508,1967
EVELYN,19763,1967
FOOTSCRAY,24957,1967
FRANKSTON,29381,1967
GEELONG,22503,1967
GEELONG NORTH,23582,1967
GIPPSLAND EAST,18687,1967
GIPPSLAND SOUTH,18788,1967
GIPPSLAND WEST,18076,1967
GISBORNE,19902,1967
GLENHUNTLY,26067,1967
GLEN IRIS,25129,1967
GREENSBOROUGH,29152,1967
HAMPDEN,18078,1967
HAWTHORN,24932,1967
HEATHERTON,26832,1967
IVANHOE,25912,1967
KARA KARA,17343,1967
KEW,25630,1967
LOWAN,18770,1967
MALVERN,26037,1967
MELBOURNE,25897,1967
MENTONE,25088,1967
MIDLANDS,23038,1967
MILDURA,18161,1967
MITCHAM,26570,1967
MONBULK,25174,1967
MOONEE PONDS,26189,1967
MOORABBIN,26147,1967
MORWELL,22627,1967
MURRAY VALLEY,18847,1967
NARRACAN,21955,1967
NORTHCOTE,24564,1967
OAKLEIGH,24827,1967
POLWARTH,17764,1967
PORTLAND,18215,1967
PRAHRAN,26053,1967
PRESTON,26053,1967
RESERVOIR,25668,1967
RICHMOND,23610,1967
RINGWOOD,26666,1967
RODNEY,18662,1967
ST KILDA,26927,1967
SANDRINGHAM,25372,1967
SCORESBY,29242,1967
SHEPPARTON,18929,1967
SUNSHINE,25628,1967
SWAN HILL,18434,1967
SYNDAL,28708,1967
WARRNAMBOOL,18674,1967
WILLIAMSTOWN,26582,1967
ALBERT PARK,22740,1970
BALLARAT NORTH,24137,1970
BALLARAT SOUTH,23073,1970
BALWYN,27124,1970
BELLARINE,24485,1970
BENALLA,18504,1970
BENAMBRA,19016,1970
BENDIGO,23715,1970
BENNETTSWOOD,27469,1970
BENTLEIGH,26642,1970
BOX HILL,36217,1970
BRIGHTON,24721,1970
BROADMEADOWS,34766,1970
BRUNSWICK EAST,23750,1970
BRUNSWICK WEST,23067,1970
CAMBERWELL,24742,1970
CAULFIELD,26691,1970
COBURG,23289,1970
DANDENONG,32802,1970
DEER PARK,37093,1970
DROMANA,23027,1970
DUNDAS,18433,1970
ESSENDON,26398,1970
EVELYN,21211,1970
FOOTSCRAY,24472,1970
FRANKSTON,36809,1970
GEELONG,23051,1970
GEELONG NORTH,25206,1970
GIPPSLAND EAST,19368,1970
GIPPSLAND SOUTH,19770,1970
GIPPSLAND WEST,18666,1970
GISBORNE,24174,1970
GLEN IRIS,24992,1970
GLENHUNTLY,27796,1970
GREENSBOROUGH,36330,1970
HAMPDEN,17990,1970
HAWTHORN,24964,1970
HEATHERTON,32629,1970
IVANHOE,26654,1970
KARA KARA,16875,1970
KEW,25807,1970
LOWAN,18553,1970
MALVERN,25836,1970
MELBOURNE,24656,1970
MENTONE,26925,1970
MIDLANDS,23127,1970
MILDURA,18690,1970
MITCHAM,29303,1970
MONBULK,29096,1970
MOONEE PONDS,25266,1970
MOORABBIN,27405,1970
MORWELL,24058,1970
MURRAY VALLEY,19498,1970
NARRACAN,22567,1970
NORTHCOTE,24180,1970
OAKLEIGH,25162,1970
POLWARTH,18320,1970
PORTLAND,18641,1970
PRAHRAN,25827,1970
PRESTON,24293,1970
RESERVOIR,26854,1970
RICHMOND,21339,1970
RINGWOOD,31471,1970
RODNEY,19245,1970
ST KILDA,25768,1970
SANDRINGHAM,25657,1970
SCORESBY,40486,1970
SHEPPARTON,20041,1970
SUNSHINE,25557,1970
SWAN HILL,18726,1970
SYNDAL,35111,1970
WARRNAMBOOL,19091,1970
WILLIAMSTOWN,28171,1970
ALBERT PARK,22662,1973
BALLARAT NORTH,27142,1973
BALLARAT SOUTH,25732,1973
BALWYN,29826,1973
BELLARINE,32047,1973
BENALLA,19885,1973
BENAMBRA,20866,1973
BENDIGO,26483,1973
BENNETTSWOOD,30790,1973
BENTLEIGH,28686,1973
BOX HILL,46122,1973
BRIGHTON,25865,1973
BROADMEADOWS,47641,1973
BRUNSWICK EAST,24121,1973
BRUNSWICK WEST,24023,1973
CAMBERWELL,25878,1973
CAULFIELD,29360,1973
COBURG,23606,1973
DANDENONG,43253,1973
DEER PARK,48933,1973
DROMANA,29585,1973
DUNDAS,19231,1973
ESSENDON,29556,1973
EVELYN,25863,1973
FOOTSCRAY,24789,1973
FRANKSTON,48210,1973
GEELONG,25651,1973
GEELONG NORTH,28721,1973
GIPPSLAND EAST,21039,1973
GIPPSLAND SOUTH,22106,1973
GIPPSLAND WEST,20882,1973
GISBORNE,34656,1973
GLEN IRIS,26543,1973
GLENHUNTLY,29421,1973
GREENSBOROUGH,47475,1973
HAMPDEN,18886,1973
HAWTHORN,27479,1973
HEATHERTON,41119,1973
IVANHOE,28776,1973
KARA KARA,17649,1973
KEW,27988,1973
LOWAN,19483,1973
MALVERN,27707,1973
MELBOURNE,26740,1973
MENTONE,30301,1973
MIDLANDS,26671,1973
MILDURA,20024,1973
MITCHAM,33118,1973
MONBULK,37569,1973
MOONEE PONDS,26505,1973
MOORABBIN,30410,1973
MORWELL,26145,1973
MURRAY VALLEY,21834,1973
NARRACAN,24435,1973
NORTHCOTE,25584,1973
OAKLEIGH,26814,1973
POLWARTH,19961,1973
PORTLAND,19784,1973
PRAHRAN,27715,1973
PRESTON,25691,1973
RESERVOIR,31004,1973
RICHMOND,21865,1973
RINGWOOD,40734,1973
RODNEY,21133,1973
ST KILDA,27629,1973
SANDRINGHAM,27997,1973
SCORESBY,60500,1973
SHEPPARTON,22929,1973
SUNSHINE,27665,1973
SWAN HILL,19808,1973
SYNDAL,41413,1973
WARRNAMBOOL,21228,1973
WILLIAMSTOWN,31041,1973
ALBERT PARK,31647,1976
ASCOT VALE,29243,1976
BALLARAT NORTH,25751,1976
BALLARAT SOUTH,25980,1976
BALWYN,29119,1976
BENALLA,24971,1976
BENAMBRA,25923,1976
BENDIGO,25704,1976
BENNETTSWOOD,28788,1976
BENTLEIGH,29055,1976
BERWICK,27495,1976
BOX HILL,28862,1976
BRIGHTON,28455,1976
BROADMEADOWS,29720,1976
BRUNSWICK,29483,1976
BUNDOORA,28691,1976
BURWOOD,28227,1976
CARRUM,28728,1976
CAULFIELD,30192,1976
COBURG,28927,1976
DANDENONG,31367,1976
DONCASTER,28436,1976
DROMANA,28034,1976
ESSENDON,28867,1976
EVELYN,28032,1976
FOOTSCRAY,29323,1976
FOREST HILL,29761,1976
FRANKSTON,30198,1976
GEELONG EAST,24837,1976
GEELONG NORTH,25121,1976
GEELONG WEST,25584,1976
GIPPSLAND EAST,25254,1976
GIPPSLAND SOUTH,25408,1976
GISBORNE,27076,1976
GLENHUNTLY,28395,1976
GLENROY,27798,1976
GREENSBOROUGH,30397,1976
HAWTHORN,28122,1976
HEATHERTON,29008,1976
IVANHOE,30856,1976
KEILOR,28973,1976
KEW,29690,1976
KNOX,29360,1976
LOWAN,24722,1976
MALVERN,29564,1976
MELBOURNE,29247,1976
MENTONE,29150,1976
MIDLANDS,24768,1976
MILDURA,24449,1976
MITCHAM,28231,1976
MONBULK,27602,1976
MORWELL,25874,1976
MURRAY VALLEY,25134,1976
NARRACAN,25543,1976
NIDDRIE,27755,1976
NOBLE PARK,30392,1976
NORTHCOTE,29986,1976
OAKLEIGH,29343,1976
POLWARTH,25017,1976
PORTLAND,25440,1976
PRAHRAN,29495,1976
PRESTON,29026,1976
RESERVOIR,29532,1976
RICHMOND,30771,1976
RINGWOOD,28530,1976
RIPON,25704,1976
RODNEY,25308,1976
ST KILDA,30653,1976
SANDRINGHAM,29145,1976
SHEPPARTON,25251,1976
SOUTH BARWON,25907,1976
SPRINGVALE,28035,1976
SUNSHINE,29727,1976
SWAN HILL,25087,1976
SYNDAL,29192,1976
WANTIRNA,29838,1976
WARRANDYTE,29363,1976
WARRNAMBOOL,25119,1976
WERRIBEE,28482,1976
WESTERNPORT,26603,1976
WILLIAMSTOWN,29439,1976
ALBERT PARK,27902,1979
ASCOT VALE,28098,1979
BALLARAT NORTH,27461,1979
BALLARAT SOUTH,27545,1979
BALWYN,28505,1979
BENALLA,25869,1979
BENAMBRA,28168,1979
BENDIGO,27203,1979
BENNETTSWOOD,28444,1979
BENTLEIGH,27913,1979
BERWICK,33097,1979
BOX HILL,28836,1979
BRIGHTON,27271,1979
BROADMEADOWS,34979,1979
BRUNSWICK,28666,1979
BUNDOORA,31052,1979
BURWOOD,27458,1979
CARRUM,30171,1979
CAULFIELD,27954,1979
COBURG,28773,1979
DANDENONG,35979,1979
DONCASTER,30473,1979
DROMANA,31823,1979
ESSENDON,27594,1979
EVELYN,32891,1979
FOOTSCRAY,28052,1979
FOREST HILL,31724,1979
FRANKSTON,32904,1979
GEELONG EAST,26575,1979
GEELONG NORTH,28355,1979
GEELONG WEST,25968,1979
GIPPSLAND EAST,26563,1979
GIPPSLAND SOUTH,26619,1979
GISBORNE,32026,1979
GLENHUNTLY,26622,1979
GLENROY,27615,1979
GREENSBOROUGH,34703,1979
HAWTHORN,27060,1979
HEATHERTON,30909,1979
IVANHOE,30459,1979
KEILOR,35783,1979
KEW,29065,1979
KNOX,31114,1979
LOWAN,25261,1979
MALVERN,28751,1979
MELBOURNE,25415,1979
MENTONE,28873,1979
MIDLANDS,26532,1979
MILDURA,25566,1979
MITCHAM,28827,1979
MONBULK,30262,1979
MORWELL,26878,1979
MURRAY VALLEY,26288,1979
NARRACAN,27236,1979
NIDDRIE,29152,1979
NOBLE PARK,32386,1979
NORTHCOTE,29338,1979
OAKLEIGH,28849,1979
POLWARTH,25168,1979
PORTLAND,25746,1979
PRAHRAN,26766,1979
PRESTON,27267,1979
RESERVOIR,30020,1979
RICHMOND,28908,1979
RINGWOOD,30448,1979
RIPON,26703,1979
RODNEY,26107,1979
ST KILDA,27012,1979
SANDRINGHAM,28051,1979
SHEPPARTON,26880,1979
SOUTH BARWON,29031,1979
SPRINGVALE,30402,1979
SUNSHINE,29798,1979
SWAN HILL,25922,1979
SYNDAL,29789,1979
WANTIRNA,36973,1979
WARRANDYTE,32056,1979
WARRNAMBOOL,25749,1979
WERRIBEE,34550,1979
WESTERNPORT,31323,1979
WILLIAMSTOWN,29523,1979
ALBERT PARK,27705,1982
ASCOT VALE,27759,1982
BALLARAT NORTH,28216,1982
BALLARAT SOUTH,28615,1982
BALWYN,28135,1982
BENALLA,26711,1982
BENAMBRA,30162,1982
BENDIGO,28094,1982
BENNETTSWOOD,28666,1982
BENTLEIGH,27347,1982
BERWICK,39779,1982
BOX HILL,28398,1982
BRIGHTON,25960,1982
BROADMEADOWS,39105,1982
BRUNSWICK,29039,1982
BUNDOORA,33557,1982
BURWOOD,26293,1982
CARRUM,31367,1982
CAULFIELD,26979,1982
COBURG,29323,1982
DANDENONG,39611,1982
DONCASTER,33023,1982
DROMANA,35516,1982
ESSENDON,27164,1982
EVELYN,37613,1982
FOOTSCRAY,28169,1982
FOREST HILL,33778,1982
FRANKSTON,35899,1982
GEELONG EAST,27859,1982
GEELONG NORTH,30338,1982
GEELONG WEST,25794,1982
GIPPSLAND EAST,28280,1982
GIPPSLAND SOUTH,27920,1982
GISBORNE,36125,1982
GLENHUNTLY,26807,1982
GLENROY,28040,1982
GREENSBOROUGH,39109,1982
HAWTHORN,25864,1982
HEATHERTON,32746,1982
IVANHOE,30849,1982
KEILOR,43346,1982
KEW,27839,1982
KNOX,33774,1982
LOWAN,25570,1982
MALVERN,27155,1982
MELBOURNE,23657,1982
MENTONE,28581,1982
MIDLANDS,28423,1982
MILDURA,26785,1982
MITCHAM,29071,1982
MONBULK,32748,1982
MORWELL,28658,1982
MURRAY VALLEY,27182,1982
NARRACAN,29055,1982
NIDDRIE,30651,1982
NOBLE PARK,36298,1982
NORTHCOTE,29412,1982
OAKLEIGH,28152,1982
POLWARTH,25595,1982
PORTLAND,26521,1982
PRAHRAN,25550,1982
PRESTON,26739,1982
RESERVOIR,29990,1982
RICHMOND,28586,1982
RINGWOOD,31926,1982
RIPON,27322,1982
RODNEY,27353,1982
ST KILDA,26612,1982
SANDRINGHAM,27472,1982
SHEPPARTON,29093,1982
SOUTH BARWON,31805,1982
SPRINGVALE,32277,1982
SUNSHINE,30363,1982
SWAN HILL,26561,1982
SYNDAL,29734,1982
WANTIRNA,43618,1982
WARRANDYTE,35894,1982
WARRNAMBOOL,26503,1982
WERRIBEE,42004,1982
WESTERNPORT,34426,1982
WILLIAMSTOWN,29627,1982
ALBERT PARK,29824,1985
BALLARAT NORTH,31119,1985
BALLARAT SOUTH,30681,1985
BALWYN,30324,1985
BELLARINE,29959,1985
BENALLA,30172,1985
BENAMBRA,29769,1985
BENDIGO EAST,30133,1985
BENDIGO WEST,31300,1985
BENNETTSWOOD,31432,1985
BENTLEIGH,29880,1985
BERWICK,31074,1985
BOX HILL,30843,1985
BRIGHTON,31106,1985
BROADMEADOWS,27859,1985
BRUNSWICK,30524,1985
BULLEEN,29571,1985
BUNDOORA,28860,1985
BURWOOD,29873,1985
CARRUM,28696,1985
CAULFIELD,30759,1985
CLAYTON,30153,1985
COBURG,30688,1985
DANDENONG,29569,1985
DANDENONG NORTH,28672,1985
DERRIMUT,29159,1985
DONCASTER,28470,1985
DOVETON,29005,1985
DROMANA,30105,1985
ESSENDON,30790,1985
EVELYN,30350,1985
FOOTSCRAY,32137,1985
FOREST HILL,29219,1985
FRANKSTON NORTH,29857,1985
FRANKSTON SOUTH,29492,1985
GEELONG,31388,1985
GEELONG NORTH,29236,1985
GIPPSLAND EAST,28866,1985
GIPPSLAND SOUTH,30317,1985
GIPPSLAND WEST,31729,1985
GISBORNE,30619,1985
GLEN WAVERLEY,29478,1985
GREENSBOROUGH,28966,1985
HAWTHORN,31754,1985
IVANHOE,31067,1985
KEILOR,29671,1985
KEW,30535,1985
KNOX,27865,1985
LOWAN,28629,1985
MALVERN,29949,1985
MELBOURNE,30396,1985
MENTONE,30373,1985
MILDURA,28722,1985
MITCHAM,30186,1985
MONBULK,29273,1985
MORNINGTON,30629,1985
MORWELL,29979,1985
MURRAY VALLEY,30959,1985
NARRACAN,29436,1985
NIDDRIE,29718,1985
NORTHCOTE,30708,1985
OAKLEIGH,29952,1985
PASCOE VALE,30091,1985
POLWARTH,30277,1985
PORTLAND,28857,1985
PRAHRAN,31815,1985
PRESTON,32004,1985
RESERVOIR,30527,1985
RICHMOND,31068,1985
RINGWOOD,29873,1985
RIPON,29911,1985
RODNEY,30261,1985
ST ALBANS,31574,1985
ST KILDA,30828,1985
SANDRINGHAM,30800,1985
SHEPPARTON,29622,1985
SOUTH BARWON,28343,1985
SPRINGVALE,29650,1985
SUNSHINE,30351,1985
SWAN HILL,28043,1985
SYNDAL,29182,1985
THOMASTOWN,29739,1985
WANTIRNA,28508,1985
WARRANDYTE,28506,1985
WARRNAMBOOL,29390,1985
WERRIBEE,29424,1985
WHITTLESEA,30198,1985
WILLIAMSTOWN,30811,1985
ALBERT PARK,28551,1988
BALLARAT NORTH,32194,1988
BALLARAT SOUTH,33491,1988
BALWYN,29518,1988
BELLARINE,32998,1988
BENALLA,31248,1988
BENAMBRA,32735,1988
BENDIGO EAST,32269,1988
BENDIGO WEST,33668,1988
BENNETTSWOOD,31004,1988
BENTLEIGH,28601,1988
BERWICK,37351,1988
BOX HILL,29135,1988
BRIGHTON,30085,1988
BROADMEADOWS,26475,1988
BRUNSWICK,29834,1988
BULLEEN,31573,1988
BUNDOORA,30167,1988
BURWOOD,28868,1988
CARRUM,30288,1988
CAULFIELD,28881,1988
CLAYTON,30052,1988
COBURG,29335,1988
DANDENONG,28772,1988
DANDENONG NORTH,29751,1988
DERRIMUT,32258,1988
DONCASTER,31165,1988
DOVETON,40202,1988
DROMANA,34394,1988
ESSENDON,29191,1988
EVELYN,34139,1988
FOOTSCRAY,31452,1988
FOREST HILL,30545,1988
FRANKSTON NORTH,31358,1988
FRANKSTON SOUTH,31440,1988
GEELONG,29765,1988
GEELONG NORTH,30853,1988
GIPPSLAND EAST,31081,1988
GIPPSLAND SOUTH,31835,1988
GIPPSLAND WEST,34638,1988
GISBORNE,33163,1988
GLEN WAVERLEY,31452,1988
GREENSBOROUGH,32618,1988
HAWTHORN,30309,1988
IVANHOE,30622,1988
KEILOR,36950,1988
KEW,29541,1988
KNOX,29454,1988
LOWAN,28673,1988
MALVERN,28614,1988
MELBOURNE,28299,1988
MENTONE,29593,1988
MILDURA,30691,1988
MITCHAM,29584,1988
MONBULK,30721,1988
MORNINGTON,36614,1988
MORWELL,30494,1988
MURRAY VALLEY,32867,1988
NARRACAN,30406,1988
NIDDRIE,30625,1988
NORTHCOTE,29898,1988
OAKLEIGH,28745,1988
PASCOE VALE,28663,1988
POLWARTH,31392,1988
PORTLAND,29347,1988
PRAHRAN,29115,1988
PRESTON,30189,1988
RESERVOIR,30069,1988
RICHMOND,30425,1988
RINGWOOD,31199,1988
RIPON,30677,1988
RODNEY,31231,1988
ST ALBANS,32708,1988
ST KILDA,28162,1988
SANDRINGHAM,29414,1988
SHEPPARTON,31065,1988
SOUTH BARWON,31167,1988
SPRINGVALE,30558,1988
SUNSHINE,29265,1988
SWAN HILL,28014,1988
SYNDAL,28610,1988
THOMASTOWN,34598,1988
WANTIRNA,31044,1988
WARRANDYTE,33082,1988
WARRNAMBOOL,30222,1988
WERRIBEE,36954,1988
WHITTLESEA,36874,1988
WILLIAMSTOWN,31231,1988
ALBERT PARK,33819,1992
ALTONA,30268,1992
BALLARAT EAST,30192,1992
BALLARAT WEST,30769,1992
BAYSWATER,33909,1992
BELLARINE,30582,1992
BENALLA,31795,1992
BENAMBRA,31450,1992
BENDIGO EAST,30992,1992
BENDIGO WEST,32197,1992
BENNETTSWOOD,33180,1992
BENTLEIGH,33560,1992
BERWICK,31776,1992
BOX HILL,33186,1992
BRIGHTON,32769,1992
BROADMEADOWS,30828,1992
BULLEEN,32423,1992
BUNDOORA,34662,1992
BURWOOD,33375,1992
CARRUM,33458,1992
CAULFIELD,34806,1992
CLAYTON,34141,1992
COBURG,33221,1992
CRANBOURNE,33106,1992
DANDENONG,33075,1992
DANDENONG NORTH,32542,1992
DONCASTER,33557,1992
DROMANA,32537,1992
ELTHAM,35275,1992
ESSENDON,32819,1992
EVELYN,32350,1992
FOOTSCRAY,32631,1992
FOREST HILL,33378,1992
FRANKSTON,31766,1992
FRANKSTON EAST,29060,1992
GEELONG,34106,1992
GEELONG NORTH,32908,1992
GIPPSLAND EAST,30884,1992
GIPPSLAND SOUTH,32704,1992
GIPPSLAND WEST,29502,1992
GISBORNE,31646,1992
GLEN WAVERLEY,31839,1992
HAWTHORN,34657,1992
IVANHOE,32763,1992
KEILOR,33939,1992
KEW,33080,1992
KNOX,32710,1992
MALVERN,33783,1992
MELBOURNE,33560,1992
MELTON,31563,1992
MILDURA,30948,1992
MILL PARK,32275,1992
MITCHAM,33108,1992
MONBULK,30993,1992
MOOROOLBARK,31401,1992
MORDIALLOC,31791,1992
MORNINGTON,30437,1992
MORWELL,33493,1992
MURRAY VALLEY,33179,1992
NARRACAN,31176,1992
NIDDRIE,32033,1992
NORTHCOTE,33902,1992
OAKLEIGH,32554,1992
PAKENHAM,30408,1992
PASCOE VALE,30896,1992
POLWARTH,32325,1992
PORTLAND,30939,1992
PRAHRAN,35113,1992
PRESTON,33116,1992
RICHMOND,35127,1992
RIPON,31622,1992
RODNEY,31603,1992
SANDRINGHAM,33237,1992
SEYMOUR,31683,1992
SHEPPARTON,31635,1992
SOUTH BARWON,30907,1992
SPRINGVALE,33567,1992
SUNSHINE,35091,1992
SWAN HILL,31530,1992
THOMASTOWN,33112,1992
TULLAMARINE,32178,1992
WANTIRNA,32121,1992
WARRANDYTE,30559,1992
WARRNAMBOOL,32448,1992
WERRIBEE,32645,1992
WILLIAMSTOWN,32774,1992
WIMMERA,33507,1992
YAN YEAN,30931,1992
ALBERT PARK,37480,1996
ALTONA,33229,1996
BALLARAT EAST,31581,1996
BALLARAT WEST,31914,1996
BAYSWATER,34454,1996
BELLARINE,32466,1996
BENALLA,32966,1996
BENAMBRA,33837,1996
BENDIGO EAST,32794,1996
BENDIGO WEST,33907,1996
BENNETTSWOOD,32880,1996
BENTLEIGH,33850,1996
BERWICK,38794,1996
BOX HILL,33537,1996
BRIGHTON,33421,1996
BROADMEADOWS,34489,1996
BULLEEN,32991,1996
BUNDOORA,35535,1996
BURWOOD,33722,1996
CARRUM,35676,1996
CAULFIELD,36424,1996
CLAYTON,35509,1996
COBURG,34394,1996
CRANBOURNE,38062,1996
DANDENONG,39727,1996
DANDENONG NORTH,33225,1996
DONCASTER,34695,1996
DROMANA,33917,1996
ELTHAM,38186,1996
ESSENDON,33728,1996
EVELYN,34655,1996
FOOTSCRAY,33297,1996
FOREST HILL,33610,1996
FRANKSTON,32410,1996
FRANKSTON EAST,28976,1996
GEELONG,34099,1996
GEELONG NORTH,33570,1996
GIPPSLAND EAST,32716,1996
GIPPSLAND SOUTH,32958,1996
GIPPSLAND WEST,31348,1996
GISBORNE,33807,1996
GLEN WAVERLEY,31883,1996
HAWTHORN,35652,1996
IVANHOE,32883,1996
KEILOR,38163,1996
KEW,34235,1996
KNOX,35772,1996
MALVERN,34849,1996
MELBOURNE,37574,1996
MELTON,37746,1996
MILDURA,32165,1996
MILL PARK,36729,1996
MITCHAM,33861,1996
MONBULK,32217,1996
MOOROOLBARK,32693,1996
MORDIALLOC,32249,1996
MORNINGTON,33527,1996
MORWELL,33541,1996
MURRAY VALLEY,34420,1996
NARRACAN,31360,1996
NIDDRIE,32772,1996
NORTHCOTE,34884,1996
OAKLEIGH,33229,1996
PAKENHAM,33036,1996
PASCOE VALE,30828,1996
POLWARTH,32761,1996
PORTLAND,30201,1996
PRAHRAN,37891,1996
PRESTON,33126,1996
RICHMOND,39405,1996
RIPON,31819,1996
RODNEY,32425,1996
SANDRINGHAM,33745,1996
SEYMOUR,33341,1996
SHEPPARTON,33104,1996
SOUTH BARWON,33512,1996
SPRINGVALE,34119,1996
SUNSHINE,36834,1996
SWAN HILL,30788,1996
THOMASTOWN,34330,1996
TULLAMARINE,36359,1996
WANTIRNA,35087,1996
WARRANDYTE,32457,1996
WARRNAMBOOL,33711,1996
WERRIBEE,38146,1996
WILLIAMSTOWN,33966,1996
WIMMERA,33166,1996
YAN YEAN,34679,1996
ALBERT PARK,39365,1999
ALTONA,36589,1999
BALLARAT EAST,32526,1999
BALLARAT WEST,32893,1999
BAYSWATER,35427,1999
BELLARINE,34423,1999
BENALLA,34087,1999
BENAMBRA,35378,1999
BENDIGO EAST,34094,1999
BENDIGO WEST,34932,1999
BENNETTSWOOD,32822,1999
BENTLEIGH,34492,1999
BERWICK,44452,1999
BOX HILL,34009,1999
BRIGHTON,34221,1999
BROADMEADOWS,36559,1999
BULLEEN,33760,1999
BUNDOORA,36747,1999
BURWOOD,34668,1999
CARRUM,38150,1999
CAULFIELD,37601,1999
CLAYTON,36653,1999
COBURG,35338,1999
CRANBOURNE,41084,1999
DANDENONG,46056,1999
DANDENONG NORTH,33802,1999
DONCASTER,35902,1999
DROMANA,36014,1999
ELTHAM,40355,1999
ESSENDON,34636,1999
EVELYN,34655,1999
FOOTSCRAY,34174,1999
FOREST HILL,33431,1999
FRANKSTON,33431,1999
FRANKSTON EAST,28877,1999
GEELONG,33830,1999
GEELONG NORTH,34379,1999
GIPPSLAND EAST,33075,1999
GIPPSLAND SOUTH,32761,1999
GIPPSLAND WEST,32796,1999
GISBORNE,36390,1999
GLEN WAVERLEY,31984,1999
HAWTHORN,36943,1999
IVANHOE,33205,1999
KEILOR,42091,1999
KEW,35644,1999
KNOX,39768,1999
MALVERN,35940,1999
MELBOURNE,41000,1999
MELTON,44047,1999
MILDURA,33191,1999
MILL PARK,41456,1999
MITCHAM,34479,1999
MONBULK,33627,1999
MOOROOLBARK,34835,1999
MORDIALLOC,32829,1999
MORNINGTON,36840,1999
MORWELL,33737,1999
MURRAY VALLEY,34790,1999
NARRACAN,31688,1999
NIDDRIE,33802,1999
NORTHCOTE,35965,1999
OAKLEIGH,34347,1999
PAKENHAM,35194,1999
PASCOE VALE,31045,1999
POLWARTH,33217,1999
PORTLAND,29156,1999
PRAHRAN,39089,1999
PRESTON,33794,1999
RICHMOND,41466,1999
RIPON,31732,1999
RODNEY,32526,1999
SANDRINGHAM,34629,1999
SEYMOUR,35717,1999
SHEPPARTON,33823,1999
SOUTH BARWON,36107,1999
SPRINGVALE,35438,1999
SUNSHINE,38506,1999
SWAN HILL,30088,1999
THOMASTOWN,35416,1999
TULLAMARINE,39652,1999
WANTIRNA,37964,1999
WARRANDYTE,34386,1999
WARRNAMBOOL,34226,1999
WERRIBEE,41644,1999
WILLIAMSTOWN,34501,1999
WIMMERA,32652,1999
YAN YEAN,38305,1999
ALBERT PARK,38726,2002
ALTONA,35773,2002
BALLARAT EAST,36480,2002
BALLARAT WEST,39714,2002
BASS,35258,2002
BAYSWATER,36316,2002
BELLARINE,38583,2002
BENALLA,34690,2002
BENAMBRA,34122,2002
BENDIGO EAST,35520,2002
BENDIGO WEST,38420,2002
BENTLEIGH,36801,2002
BOX HILL,37475,2002
BRIGHTON,36505,2002
BROADMEADOWS,37422,2002
BRUNSWICK,37972,2002
BULLEEN,34839,2002
BUNDOORA,35029,2002
BURWOOD,37923,2002
CARRUM,38869,2002
CAULFIELD,36314,2002
CLAYTON,34674,2002
CRANBOURNE,34009,2002
DANDENONG,35517,2002
DERRIMUT,34611,2002
DONCASTER,35426,2002
ELTHAM,37879,2002
ESSENDON,37369,2002
EVELYN,36974,2002
FERNTREE GULLY,38626,2002
FOOTSCRAY,37412,2002
FOREST HILL,37492,2002
FRANKSTON,36523,2002
GEELONG,38480,2002
GEMBROOK,34586,2002
GIPPSLAND EAST,37475,2002
GIPPSLAND SOUTH,36510,2002
HASTINGS,37635,2002
HAWTHORN,36951,2002
IVANHOE,37277,2002
KEILOR,37980,2002
KEW,35456,2002
KILSYTH,37783,2002
KOROROIT,35235,2002
LARA,38724,2002
LOWAN,38381,2002
LYNDHURST,34760,2002
MACEDON,39152,2002
MALVERN,36655,2002
MELBOURNE,33859,2002
MELTON,35458,2002
MILDURA,36098,2002
MILL PARK,35926,2002
MITCHAM,36672,2002
MONBULK,36119,2002
MORDIALLOC,37617,2002
MORNINGTON,34532,2002
MORWELL,36042,2002
MOUNT WAVERLEY,36752,2002
MULGRAVE,34337,2002
MURRAY VALLEY,35081,2002
NARRACAN,37315,2002
WARREN NORTH,35036,2002
WARREN SOUTH,37578,2002
NEPEAN,36176,2002
NIDDRIE,36896,2002
NORTHCOTE,37722,2002
OAKLEIGH,34995,2002
PASCOE VALE,37634,2002
POLWARTH,39179,2002
PRAHRAN,36856,2002
PRESTON,38208,2002
RICHMOND,37052,2002
RIPON,36044,2002
RODNEY,35177,2002
SANDRINGHAM,36083,2002
SCORESBY,37667,2002
SEYMOUR,35561,2002
SHEPPARTON,35754,2002
SOUTH BARWON,39290,2002
SOUTH WEST COAST,40115,2002
SWAN HILL,34662,2002
TARNEIT,37135,2002
THOMASTOWN,38102,2002
WARRANDYTE,39069,2002
WILLIAMSTOWN,37526,2002
YAN YEAN,34895,2002
YUROKE,35943,2002
ALBERT PARK,43926,2006
ALTONA,41888,2006
BALLARAT EAST,37648,2006
BALLARAT WEST,41283,2006
BASS,39847,2006
BAYSWATER,36321,2006
BELLARINE,40888,2006
BENALLA,35788,2006
BENAMBRA,35224,2006
BENDIGO EAST,38000,2006
BENDIGO WEST,39557,2006
BENTLEIGH,37250,2006
BOX HILL,37970,2006
BRIGHTON,36932,2006
BROADMEADOWS,36713,2006
BRUNSWICK,39734,2006
BULLEEN,34692,2006
BUNDOORA,35354,2006
BURWOOD,38284,2006
CARRUM,39516,2006
CAULFIELD,36491,2006
CLAYTON,33398,2006
CRANBOURNE,40541,2006
DANDENONG,34489,2006
DERRIMUT,35906,2006
DONCASTER,35524,2006
ELTHAM,38242,2006
ESSENDON,37601,2006
EVELYN,37693,2006
FERNTREE GULLY,40994,2006
FOOTSCRAY,37293,2006
FOREST HILL,36669,2006
FRANKSTON,35465,2006
GEELONG,39307,2006
GEMBROOK,38722,2006
GIPPSLAND EAST,39024,2006
GIPPSLAND SOUTH,37314,2006
HASTINGS,39913,2006
HAWTHORN,38017,2006
IVANHOE,37162,2006
KEILOR,46060,2006
KEW,36049,2006
KILSYTH,38358,2006
KOROROIT,38186,2006
LARA,40485,2006
LOWAN,38181,2006
LYNDHURST,36605,2006
MACEDON,42700,2006
MALVERN,37452,2006
MELBOURNE,38853,2006
MELTON,38693,2006
MILDURA,36320,2006
MILL PARK,38365,2006
MITCHAM,36374,2006
MONBULK,36262,2006
MORDIALLOC,39249,2006
MORNINGTON,36934,2006
MORWELL,36667,2006
MOUNT WAVERLEY,36604,2006
MULGRAVE,33982,2006
MURRAY VALLEY,36739,2006
NARRACAN,38846,2006
WARREN NORTH,37223,2006
WARREN SOUTH,45871,2006
NEPEAN,36451,2006
NIDDRIE,36148,2006
NORTHCOTE,38584,2006
OAKLEIGH,34478,2006
PASCOE VALE,38591,2006
POLWARTH,40403,2006
PRAHRAN,38332,2006
PRESTON,37858,2006
RICHMOND,38941,2006
RIPON,36473,2006
RODNEY,35652,2006
SANDRINGHAM,36376,2006
SCORESBY,38226,2006
SEYMOUR,38112,2006
SHEPPARTON,36206,2006
SOUTH BARWON,43002,2006
SOUTH WEST COAST,41338,2006
SWAN HILL,33731,2006
TARNEIT,41235,2006
THOMASTOWN,36458,2006
WARRANDYTE,39590,2006
WILLIAMSTOWN,37437,2006
YAN YEAN,41083,2006
YUROKE,41502,2006
ALBERT PARK,47148,2010
ALTONA,51138,2010
BALLARAT EAST,40578,2010
BALLARAT WEST,43964,2010
BASS,49279,2010
BAYSWATER,36321,2010
BELLARINE,44369,2010
BENALLA,36987,2010
BENAMBRA,37242,2010
BENDIGO EAST,40730,2010
BENDIGO WEST,41682,2010
BENTLEIGH,38715,2010
BOX HILL,38898,2010
BRIGHTON,38366,2010
BROADMEADOWS,37424,2010
BRUNSWICK,42321,2010
BULLEEN,35488,2010
BUNDOORA,36644,2010
BURWOOD,38951,2010
CARRUM,42415,2010
CAULFIELD,37692,2010
CLAYTON,33843,2010
CRANBOURNE,48076,2010
DANDENONG,35535,2010
DERRIMUT,40846,2010
DONCASTER,36523,2010
ELTHAM,39389,2010
ESSENDON,39853,2010
EVELYN,40186,2010
FERNTREE GULLY,44213,2010
FOOTSCRAY,40289,2010
FOREST HILL,36414,2010
FRANKSTON,36328,2010
GEELONG,40062,2010
GEMBROOK,43410,2010
GIPPSLAND EAST,41418,2010
GIPPSLAND SOUTH,39215,2010
HASTINGS,45194,2010
HAWTHORN,38753,2010
IVANHOE,38781,2010
KEILOR,52853,2010
KEW,36904,2010
KILSYTH,40627,2010
KOROROIT,42497,2010
LARA,44088,2010
LOWAN,38478,2010
LYNDHURST,41578,2010
MACEDON,47847,2010
MALVERN,37798,2010
MELBOURNE,43916,2010
MELTON,43639,2010
MILDURA,37638,2010
MILL PARK,41032,2010
MITCHAM,37054,2010
MONBULK,37887,2010
MORDIALLOC,41690,2010
MORNINGTON,40195,2010
MORWELL,38648,2010
MOUNT WAVERLEY,36917,2010
MULGRAVE,34995,2010
MURRAY VALLEY,38342,2010
NARRACAN,42337,2010
WARREN NORTH,40203,2010
WARREN SOUTH,52340,2010
NEPEAN,39050,2010
NIDDRIE,36805,2010
NORTHCOTE,40423,2010
OAKLEIGH,35602,2010
PASCOE VALE,40763,2010
POLWARTH,42079,2010
PRAHRAN,39257,2010
PRESTON,38662,2010
RICHMOND,42025,2010
RIPON,37619,2010
RODNEY,36437,2010
SANDRINGHAM,37827,2010
SCORESBY,39121,2010
SEYMOUR,41103,2010
SHEPPARTON,38136,2010
SOUTH BARWON,48309,2010
SOUTH WEST COAST,43344,2010
SWAN HILL,33073,2010
TARNEIT,47784,2010
THOMASTOWN,36853,2010
WARRANDYTE,41472,2010
WILLIAMSTOWN,38966,2010
YAN YEAN,54134,2010
YUROKE,48425,2010
ALBERT PARK,43134,2014
ALTONA,48044,2014
BASS,44492,2014
BAYSWATER,42719,2014
BELLARINE,42541,2014
BENAMBRA,44259,2014
BENDIGO EAST,43982,2014
BENDIGO WEST,42505,2014
BENTLEIGH,40981,2014
BOX HILL,43389,2014
BRIGHTON,42924,2014
BROADMEADOWS,41717,2014
BRUNSWICK,46954,2014
BULLEEN,44072,2014
BUNDOORA,39435,2014
BUNINYONG,40891,2014
BURWOOD,41878,2014
CARRUM,44578,2014
CAULFIELD,41992,2014
CLARINDA,43698,2014
CRANBOURNE,45863,2014
CROYDON,40730,2014
DANDENONG,41199,2014
EILDON,41479,2014
ELTHAM,44409,2014
ESSENDON,44129,2014
EUROA,45847,2014
EVELYN,40174,2014
FERNTREE GULLY,40780,2014
FOOTSCRAY,46116,2014
FOREST HILL,40991,2014
FRANKSTON,41747,2014
GEELONG,45026,2014
GEMBROOK,42239,2014
GIPPSLAND EAST,43113,2014
GIPPSLAND SOUTH,40241,2014
HASTINGS,47150,2014
HAWTHORN,42149,2014
IVANHOE,44336,2014
KEW,43898,2014
KEYSBOROUGH,42831,2014
KOROROIT,46173,2014
LARA,43000,2014
LOWAN,42797,2014
MACEDON,41580,2014
MALVERN,40708,2014
MELBOURNE,43801,2014
MELTON,44915,2014
MILDURA,42452,2014
MILL PARK,42969,2014
MONBULK,41906,2014
MORDIALLOC,43607,2014
MORNINGTON,43622,2014
MORWELL,45409,2014
MOUNT WAVERLEY,39993,2014
MULGRAVE,40682,2014
MURRAY PLAINS,45327,2014
NARRACAN,46055,2014
WARREN NORTH,43281,2014
WARREN SOUTH,45818,2014
NEPEAN,44669,2014
NIDDRIE,42548,2014
NORTHCOTE,44273,2014
OAKLEIGH,39556,2014
OVENS VALLEY,41110,2014
PASCOE VALE,45879,2014
POLWARTH,43277,2014
PRAHRAN,44075,2014
PRESTON,42297,2014
RICHMOND,46690,2014
RINGWOOD,40419,2014
RIPON,45147,2014
ROWVILLE,38834,2014
SANDRINGHAM,41456,2014
SHEPPARTON,46190,2014
SOUTH BARWON,44738,2014
SOUTH WEST COAST,44766,2014
ST ALBANS,46041,2014
SUNBURY,41877,2014
SYDENHAM,45303,2014
TARNEIT,43971,2014
THOMASTOWN,39826,2014
WARRANDYTE,43008,2014
WENDOUREE,40549,2014
WERRIBEE,41377,2014
WILLIAMSTOWN,47162,2014
YAN YEAN,44963,2014
YUROKE,43811,2014
ALBERT PARK,48949,2018
ALTONA,55418,2018
BASS,58325,2018
BAYSWATER,44047,2018
BELLARINE,49417,2018
BENAMBRA,48795,2018
BENDIGO EAST,48899,2018
BENDIGO WEST,45324,2018
BENTLEIGH,42772,2018
BOX HILL,43983,2018
BRIGHTON,45224,2018
BROADMEADOWS,43657,2018
BRUNSWICK,53340,2018
BULLEEN,44110,2018
BUNDOORA,40892,2018
BUNINYONG,45559,2018
BURWOOD,43169,2018
CARRUM,48726,2018
CAULFIELD,45222,2018
CLARINDA,44462,2018
CRANBOURNE,61814,2018
CROYDON,42995,2018
DANDENONG,42361,2018
EILDON,44881,2018
ELTHAM,44820,2018
ESSENDON,48427,2018
EUROA,49251,2018
EVELYN,43159,2018
FERNTREE GULLY,41141,2018
FOOTSCRAY,51602,2018
FOREST HILL,39083,2018
FRANKSTON,44458,2018
GEELONG,47575,2018
GEMBROOK,51069,2018
GIPPSLAND EAST,46335,2018
GIPPSLAND SOUTH,42564,2018
HASTINGS,51388,2018
HAWTHORN,44828,2018
IVANHOE,46777,2018
KEW,44262,2018
KEYSBOROUGH,45327,2018
KOROROIT,51161,2018
LARA,47026,2018
LOWAN,43436,2018
MACEDON,45491,2018
MALVERN,42898,2018
MELBOURNE,50393,2018
MELTON,53306,2018
MILDURA,44401,2018
MILL PARK,46475,2018
MONBULK,43324,2018
MORDIALLOC,46041,2018
MORNINGTON,47184,2018
MORWELL,48406,2018
MOUNT WAVERLEY,38937,2018
MULGRAVE,40588,2018
MURRAY PLAINS,46924,2018
NARRACAN,52203,2018
WARREN NORTH,44724,2018
WARREN SOUTH,49506,2018
NEPEAN,49653,2018
NIDDRIE,44716,2018
NORTHCOTE,48831,2018
OAKLEIGH,41595,2018
OVENS VALLEY,43200,2018
PASCOE VALE,51163,2018
POLWARTH,45895,2018
PRAHRAN,50373,2018
PRESTON,45253,2018
RICHMOND,54680,2018
RINGWOOD,41299,2018
RIPON,47774,2018
ROWVILLE,39893,2018
SANDRINGHAM,45020,2018
SHEPPARTON,48765,2018
SOUTH BARWON,54245,2018
SOUTH WEST COAST,47500,2018
ST ALBANS,46678,2018
SUNBURY,45588,2018
SYDENHAM,50841,2018
TARNEIT,53882,2018
THOMASTOWN,44619,2018
WARRANDYTE,43282,2018
WENDOUREE,43575,2018
WERRIBEE,46282,2018
WILLIAMSTOWN,50919,2018
YAN YEAN,58159,2018
YUROKE,58068,2018
