Year,Pastoral,Agric,Mine,Dairy,Manu,Const,Priv Water,Public ent,Govt.,Finance,Distribution,House Rents,Other,GDP,Population
1861,2707.2,3101.1,8896.3,1068.6,900,2362.5,404.8,160,1380.4,800,5182.3,4663.6,3420.7,36908.6,541800
1862,1878.3,2422.2,8140.7,1334.8,900,2221.3,431.4,237.8,1357.1,800,4322.8,4222.8,3449.9,33581.1,554358
1863,1834.9,2449.6,6923.5,1352.8,828,3238.9,394.5,459.4,1287.2,866.7,3448.4,4065.2,3315.1,32327.1,571559
1864,1712.1,2431,7185.9,1299.7,864,2748.8,356.5,502.3,1315.4,866.7,3699.2,4084.7,3123.6,32053.6,601343
1865,2320.4,2292.2,6505.9,1518,1044,1898.1,435.2,569.2,1282.9,900,3727.5,4123.8,3184.1,31666.3,621095
1866,2710.6,2647.3,6461.7,1665.1,1440,1536.8,395.2,580,1278.8,933.3,4504,4608.2,3168.1,33795.2,636982
1867,2145.2,3217.2,6210.3,1642.6,1764,2105,498.4,509.9,1229.9,1000,4016.9,4287.3,3204.3,33697.9,651571
1868,2313.8,3317.7,6024.7,1763,1980,3984.9,355.2,558.4,1258.8,1066.7,3400.6,4092.1,3342.9,35326.6,674614
1869,2473.2,3426.8,6777.8,1669.9,2232,2482.8,404.4,614.2,1280.4,1033.3,4541.9,3771.7,3573.9,36151.2,699790
1870,2876,4457.7,6199.8,1732.2,2484,2964.4,482.6,560.4,1360.6,1133.3,5001.4,4747.8,3743.2,39613.4,726599
1871,2418.5,2826.2,5246.1,1486.3,2412,2715.8,419.5,550,1239.4,1100,2949.8,5096.4,3821.2,34152.2,747412
1872,3567.6,3197.4,5513.2,1743.5,2988,3841.6,430.2,610,1118.2,1300,4861.7,5711.2,3968.1,40722.7,758984
1873,3317.9,4524.2,5371.3,2148.8,3420,4606.7,499.1,617.8,1246.1,1533.3,5822.2,6085.6,4090.1,45156.3,772039
1874,3103.7,3779.1,4740.7,2367.4,3924,4399.9,508.2,782.4,1609.1,1733.3,5327.1,4869.9,4220.1,43238.9,783274
1875,4817.4,3629.5,4475.9,2492.4,4212,5007.3,493,926.3,1576.1,1566.7,6257.5,5199.1,4004.1,46532.1,791399
1876,4524.9,4002.2,3949.1,2621.5,4356,4484.6,468,918.3,1619.6,1566.7,6033.8,5409.3,4010.9,45840.8,801717
1877,5235.7,4612.2,3322.3,2706.2,4536,4576.1,494,1025.4,1646.6,1566.7,6142.5,5597.9,4001.2,47339.8,815494
1878,3730,4769.6,3211.9,2553.6,4644,3505.6,487.1,1103.3,1627.2,1766.7,5649.7,5185.5,4162.4,44274.6,827439
1879,3852.8,3957,3136.5,2491.3,4644,4854.5,461.3,1280.9,1612.5,1633.3,5910.3,7036.3,4098.4,46848.2,840620
1880,4217.7,3930.5,3397.7,2520,5256,3955.9,477.8,1391.5,1753.2,1533.3,5158.2,7997.9,4127.3,47597.1,860067
1881,3792.1,4402.5,3533.7,2871.5,5904,4117.4,517.4,1508.8,1632.4,1566.7,5674.6,8387.4,4342.1,50131.7,879886
1882,3993.8,4749.8,3681.2,2890.8,6336,5294.8,644.6,1751.6,1654.5,1900,6432.2,8773.9,4627.2,54612.4,899562
1883,4433.9,5204.1,3357.3,3033,6624,5535.3,593,1832.5,1816,2300,6408.9,9239.2,4922.9,57183.2,920694
1884,5114,6054.5,3228.7,3059.6,7128,5413.9,664.6,1824.4,1896.5,2266.7,7650.2,9830.8,5373.4,61389.3,944564
1885,4494.4,5354.4,3091.2,3190,7092,7155.8,557.8,2124.5,1951.7,2366.7,7147.9,10454.6,5728.4,62594.3,969202
1886,3719.4,5810.1,2839.1,3182.2,6444,8054.8,346.8,2418.6,2143.9,2333.3,8293.2,11310.7,6061.5,64843.8,1000510
1887,3889.7,5953.8,2661.6,3250.3,6912,8617.3,349.9,2435.9,2171.4,2366.7,8882.5,12170.8,6064.4,67613.2,1032993
1888,4083.8,5754.8,2711,3473.5,7596,10392.1,830.6,2653,2316.8,2533.3,9178,13078,6402.1,72891.1,1076966
1889,3965.5,5229.9,2687.1,3550.8,8028,10760.6,786.2,3134.3,2546,2900,9732.1,11479,6971.8,73660.3,1103727
1890,4117.5,6372.2,2682.4,3485.3,7956,8994.5,727,3169.7,2737.7,3133.3,9445.9,11899.3,7355.3,73966.2,1133266
1891,4003.1,6381.4,2503.3,3552.4,7524,7138.4,823.7,3197.9,2830.4,2233.3,7683.5,8841.5,7292.8,65896.8,1157678
1892,4558.9,6238.2,2726.4,3274.1,6012,4482.4,546.5,3176.9,2975.8,1633.3,7057.8,8784.7,7114.2,60473.2,1167373
1893,3905.2,5898.2,2785.2,3413.5,5472,3247.1,336.4,2965.7,3341.7,1066.7,6227.8,7738.5,6932.4,55223.2,1174006
1894,3246.1,4229.2,2827.5,3079.3,5004,2913.5,332.2,2870.7,2453.4,1066.7,4645,7610.2,7059.7,49231.6,1179103
1895,3224.3,4132.2,3101.4,3281,5580,2440.3,355.1,2688.2,2400.2,1000,5133.1,7118.8,7314.5,49664.1,1181751
1896,3928.2,3698.3,3360.7,3085.5,6084,2541.4,431,2604.9,2344.2,1100,5942.6,6330.9,7557.8,50905.5,1174944
1897,4268.4,5209.3,3418.8,2974.5,6012,1926.6,494.1,2852.1,2421.8,1100,5851.9,6147.9,7541.5,52115.9,1176248
1898,4672.9,5383,3510.8,3024.8,6444,3861.3,601.3,3022.8,2437.6,1233.3,7143,7025,7423.7,57681.5,1175463
1899,4998.4,4212.6,3468.3,3213.4,6732,3420.9,771.2,3197.3,2430.3,1166.7,5160.6,6872.7,7770.5,55313.9,1163400
1900,6022.4,4594.9,3552.1,3216,7560,2780.7,736.3,3387.7,2633.3,1133.3,6257.1,6803.1,7936,58513,1196213
1902,6281.9,5548.2,3262.3,4005.1,7258.8,3395.3,794.6,3588.5,2671.8,1300,9089.5,5931.7,7041.3,60169,1208231
1903,6147.5,2517.8,3229.2,4129.1,7314.6,3246.1,821.7,3316,2533.1,1300,7351.8,5866.7,7136,54909.6,1204742
1904,5889.1,6081.1,3313.7,4120.1,7694.9,3437,794.4,3854.8,2578,1366.7,8104.5,6110,7070.7,60415,1205608
1905,7264.8,3964.5,3334.2,4655,8215.3,2859.1,871.1,4079.2,2645.5,1366.7,8345.9,6061.2,7418,61080.5,1210421
1906,6617.3,5210.9,3270.9,4742.2,8940.3,2901,903,4198.5,2638.1,1433.3,8823.7,6037.8,7907.7,63624.8,1219832
1907,7124.2,5277,3383.6,4989.8,9897.8,3915.3,954.1,4570.8,2686,1566.7,8531.5,5988.3,7979.6,66864.7,1232807
1908,8866.5,5669.4,3067.6,5006.4,10717,4152.3,1011.2,3965.8,2784.7,1700,11550,6254,8843.3,73588.2,1250449
1909,7619.2,7978.9,2939.1,4674.6,11395.8,4246.8,1045.7,4667.7,2920,1700,11735.1,6481.9,9341.2,76746,1277022
1910,8472.5,8184.9,2876.7,5336.1,12586.8,4447.3,1103.8,4736.4,2904.8,1766.7,13069.3,7180.3,9702.8,82368.3,1301408
1911,8529.7,8659.8,2630.7,5960,14134.1,5808.4,1159.5,5448.3,2943,1833.3,16363.1,7612,10291.8,91373.8,1339102
1912,9010.7,7286.1,2464.8,6772,15723.5,7312.5,1203.1,6169.7,3012,2000,17849.4,8438.4,10839.1,98081.2,1380561
1913,9902.3,8989.5,2332.3,6309.7,16878.4,7083.4,1246.8,6250.4,3548,2166.7,19641,9582.7,10900.5,104831.6,1412119
1914,11894.6,8000.7,2172.4,6894.2,17952.8,9071.7,1377.3,6835.3,3928.7,2266.7,21194.4,10422,12753.4,114764.1,1430667
1915,12792.2,3241.3,2086.8,6510.4,18575.8,7803.5,1393.4,6707.9,4650.5,2366.7,21208.7,9592.5,13439,110368.5,1398884
1916,13302.6,15001.1,1737.7,5613.7,19398,6949.6,1694.2,7241.9,6460.7,2533.3,28470.8,9739.1,13481.6,131624.5,1404831
1917,14359.1,12062.2,1404.2,5663.7,19906.7,6812.2,1751.9,7059.7,7879.7,2600,22290.3,10150,13956.2,125895.9,1417239
1918,17223.9,10338.6,1294.2,6750.8,21346.8,6817.6,1689.3,7291.9,8012.3,3033.3,21470.8,10778.4,14869.9,130917.8,1437433
1919,22387.8,11976.5,1102.7,7843.1,23477.4,8129.7,1802.7,7663.3,6999,3133.3,29378.4,12120.3,15471.7,151486,1503241
1920,25938.8,12325.7,1151.9,10176.7,30056.6,13481.4,2085.7,8774.6,5950,3533.3,24049.7,12985.5,17283.2,167793.3,1527909
1921,18013.8,18585,1435.1,11167,33825.1,10577.4,2082.4,9867.3,6919,3700,43781.5,14093.2,18263.2,192309.9,1550727
1922,16241.2,8817.9,1218.8,10618.6,36759.5,17863.9,2312,11490.5,6897.8,4233.3,27441.9,15340.2,18544.9,177780.5,1590273
1923,21003.2,15288,1244.9,12649.1,38857.7,20736.4,2308.1,12088.1,7265.9,4533.3,42991,16354.3,18772.4,214092.5,1625455
1924,24153.6,14395.1,1031.2,12786.4,40290.8,20455.6,2436.2,12405.9,7998.1,4766.7,48053.4,17439.3,19057.4,225269.7,1657151
1925,25431.5,17649.4,964.9,13178.3,40377.6,19207.4,2685.2,13007.2,8918.8,5233.3,44891.2,18080.3,19422.8,229047.9,1684051
1926,22402.1,13172.6,1000.7,12933.5,39800.1,15986.4,2796.9,13455,9105.7,5500,42529.5,19582.2,19640.6,217905.4,1711987
1927,20575,17190.3,1082.7,13023.1,44447.4,21337,2885.2,14715,9722.8,5833.3,48650.7,20364.5,20589.9,240417,1741832
1928,25105.3,11201.1,1176.4,13051.2,47076.5,17876.9,2642.5,14081.3,10390.5,5600,46457.6,20513.6,21421,236593.8,1761746
1929,23196.9,14177.3,1098.7,13071.9,47845.7,14797.3,2614.1,14531.5,10644.2,5566.7,37812.5,21346.6,21684.2,228387.4,1778269
1930,19006.1,8537.7,1116.1,13069.8,52797.8,11888.9,2523.9,13369.8,10843.7,5300,35289.7,19521.7,20829.6,214094.8,1792605
1931,13915.7,7800,1088.3,12269.8,35736.6,12432.4,1809,11609.9,10331.7,4733.3,20945.4,17917.3,19707.8,170297.2,1803570
1932,12454.5,10445.5,882.3,13054,31950.2,5593.8,1713,11175.7,9438.3,3966.7,20854.7,17836.1,18561.2,157926,1813387
1933,12900.2,10972.6,908.9,11068,35000.1,7164.5,1722.6,10988.4,9325.1,3700,26308.2,18828.7,18834.8,167722,1824217
1934,19994.1,10077.1,1035.7,10049.8,36056.2,8815.6,1643.3,11051.9,9181,4033.3,31666.9,19202.7,19735.2,182542.8,1836651
1935,16894.3,8735.8,1094.7,10901,37997.5,12306.8,1640.7,11208.5,9487.7,4600,34463.4,19502.9,20032.6,188865.8,1841575
1936,23215.7,11716.9,1345.2,11558.1,42135.4,11376.7,1749.7,11852.6,10192.7,5300,41575,19930.4,20705.4,212653.7,1849579
1937,27913.5,16326.3,1593.5,15335.5,47142.1,12727.2,1920.8,12251.1,11047.1,5800,47106.2,20210.6,21589.8,240963.7,1856956
1938,27967.9,14962.5,1726.3,15271.6,52256.4,14080.2,2033.3,11597.6,13951.2,6633.3,54758.9,20219.8,23845.2,259304,1871067
1939,23024.8,5619.7,1742.6,14505.1,55624,14654.1,2057.7,12111.5,12418.1,7033.3,51339.3,20524.3,24351,245005.6,1914813
1940,23115,11549.9,2111,17144.7,60445.9,15455,2213.1,11030,14212.5,7040,49700,24770.5,23049.5,261837.1,1914918
1941,24515.9,6671.4,2510,17480.2,72716.1,22524.6,2396.8,12285.1,22293.7,6462.7,52100,25529.8,20485.7,287971.9,1946425
1942,25144.9,14115.1,2213,17727.5,90837,11307.5,2533,14742,34285.6,5598.5,56300,25852.1,17136.6,317792.8,1962558
1943,28333,16743.1,1884,19325.2,99270.9,7107.9,2946.9,15971.6,52092.6,6130.7,53800,25898,12582.3,342086.3,1981616
1944,27764.9,13653.5,1544,20508.7,100817.3,7994,3207.4,16126.1,58897.5,6556.4,59900,26006.1,12498.8,355474.7,1997954
1945,24054.8,12217.9,1548,20633.3,100392.9,9390.1,3564.8,15554.5,60411,6993.4,65600,26023.1,17310.9,363694.7,2015107
1946,16441.9,16042.4,1735,21222.9,98797.7,17719.9,3764.4,15433.9,75500.8,9025.6,77700,26364.1,21615.4,401364,2039769
1947,23941.8,22241.9,2054,22929.1,108293,22495.1,3776.4,14322.6,33030.9,9309.5,91900,26838.6,24070.3,405203.2,2062709
1948,31667.6,35166.2,2297,23700.3,130386.1,30800.2,4342.1,16371.8,33361.1,9593.3,106700,27124.9,28201.6,479712.2,2108125
